SampleID,Sp1*,Sp2*,Sp3*,Sp4*,Sp5*,Sp6,Sp7,Sp8,Sp9,Sp10,Sp11,Sp12,Sp13,Sp14,Sp15,Sp16,Sp17,Sp18,Sp19,Sp20,Sp21,Sp22,Sp23,Sp24,Sp25,Sp26,Sp27,Sp28,Sp29,Sp30,Sp31,Sp32,Sp33,Sp34*,Sp35*,Sp36*,Sp37*,Sp38*,Cal1,Cal2,Cal3,Cal4,Product,Date,Time,SensTemp,SampTemp,ScanColour,Exclude
50B10A,2.3393,2.3508,2.3711,2.4067,2.4536,2.5015,2.536,2.5643,2.6008,2.6553,2.7322,2.8199,2.9214,3.0435,3.138,3.1465,3.1835,3.2863,3.3572,3.3696,3.3522,3.3214,3.2852,3.2398,3.1884,3.1319,3.0614,2.9867,2.9253,2.8882,2.8734,2.8801,2.9096,2.9614,3.054,3.238,3.5577,3.954,51.5,38.33,48.5,37.9,50CL,7/07/2011,10:14:24,0,0,65280,N
50B11A,2.04569,2.03828,2.04407,2.0699,2.10697,2.14503,2.17264,2.19475,2.2236,2.26665,2.3268,2.3947,2.47236,2.56298,2.62951,2.63342,2.6583,2.72731,2.77271,2.78004,2.76823,2.74829,2.72546,2.697,2.66466,2.62903,2.58348,2.53458,2.49439,2.47057,2.46164,2.46714,2.48784,2.52411,2.59069,2.72529,2.95809,3.23461,55,35.7,45,8,11:17,-1,-177,0,0,65280,N
50B11B,1.96703,1.95925,1.96388,1.98864,2.0244,2.06113,2.08729,2.10787,2.13479,2.17536,2.23214,2.29643,2.37021,2.45625,2.51959,2.52562,2.55288,2.62116,2.66391,2.66848,2.65457,2.63355,2.61076,2.58362,2.55346,2.5207,2.47896,2.43431,2.39772,2.37631,2.369,2.37533,2.39612,2.43183,2.49663,2.62698,2.85245,3.11958,55,35.7,45,8,11:20,-1,-177,0,0,65280,N
50B13A,2.5152,2.4551,2.4302,2.442,2.4761,2.5162,2.5435,2.5643,2.5942,2.6421,2.7112,2.6094,2.6949,2.7962,2.8862,2.9305,3.0068,3.1308,3.201,3.1978,3.1575,3.0995,3.0349,2.9635,2.8907,2.8197,2.7457,2.6762,2.6241,2.5981,2.5969,2.6187,2.6618,2.7238,2.823,3.0105,3.3293,3.7201,39.6,47.08,60.4,45.7,50CL,6/28/2011,11:44:12,0,0,65280,N
50B14A,2.2529,2.266,2.2846,2.3183,2.3634,2.4099,2.4427,2.4684,2.5015,2.5515,2.6225,2.7045,2.8005,2.9167,3.0113,3.0319,3.0836,3.1974,3.273,3.2855,3.2655,3.2305,3.1893,3.1393,3.0841,3.0254,2.9553,2.8829,2.8243,2.7899,2.7781,2.7878,2.8196,2.8726,2.9652,3.1482,3.4635,3.8395,39.6,41.5,60.4,41,50CL,6/29/2011,10:25:05,0,0,65280,Y
50B15A,2.2648,2.2772,2.2938,2.3252,2.3681,2.4128,2.4444,2.4683,2.4983,2.5426,2.6047,2.6755,2.7565,2.8549,2.9419,2.9792,3.0506,3.1744,3.2523,3.2632,3.2392,3.1977,3.1485,3.0907,3.0289,2.9657,2.8955,2.8257,2.7696,2.7367,2.7259,2.7364,2.7678,2.819,2.909,3.088,3.3967,3.7647,43.6,44.13,56.4,44.3,50CL,7/05/2011,10:34:01,0,0,65280,Y
50B16A,2.3629,2.3434,2.3425,2.3666,2.4071,2.4512,2.4817,2.5053,2.5374,2.5873,2.6589,2.7406,2.8338,2.9459,3.0417,3.0787,3.1517,3.2822,3.3632,3.371,3.3413,3.2934,3.2378,3.1737,3.106,3.0375,2.962,2.8883,2.8311,2.8005,2.7951,2.8132,2.8542,2.9168,3.02,3.2165,3.5487,3.9393,44.6,43.43,55.4,44.5,50CL,6/30/2011,12:32:11,0,0,65280,N
50B16A,2.5574,2.5777,2.6036,2.6448,2.6991,2.7568,2.7998,2.834,2.8742,2.9293,3.0031,3.0852,3.1766,3.2864,3.3906,3.4533,3.5584,3.723,3.8278,3.8451,3.8161,3.7623,3.6962,3.6185,3.5362,3.4535,3.3659,3.2821,3.2158,3.1771,3.1651,3.1785,3.2163,3.2769,3.3827,3.5957,3.9777,4.5253,36.7,49.25,63.3,53,50CL,7/04/2011,11:01:08,0,0,65280,N
50B17A,2.40011,2.41412,2.43598,2.47438,2.52461,2.57624,2.61353,2.64326,2.68021,2.73346,2.80726,2.89187,2.98877,3.10375,3.19808,3.22448,3.28389,3.40293,3.47931,3.48958,3.46673,3.42918,3.38637,3.33587,3.2809,3.22298,3.15435,3.08361,3.02603,2.99145,2.97876,2.98728,3.01751,3.06852,3.15984,3.34097,3.64748,3.98427,14.8,40.93,85.2,7,1:36,-1,-173,0,0,65280,Y
50B17B,2.36241,2.37052,2.389,2.42521,2.47344,2.52324,2.55945,2.58848,2.62482,2.67731,2.74997,2.83352,2.92902,3.04195,3.13387,3.15784,3.21293,3.32638,3.39938,3.40917,3.38722,3.35136,3.3108,3.26282,3.21053,3.15523,3.08953,3.02162,2.96658,2.93388,2.92202,2.93066,2.95985,3.00906,3.0968,3.27208,3.5699,3.90337,14.8,40.93,85.2,7,1:39,-1,-177,0,0,65280,Y
50B18A,2.06029,2.06857,2.08167,2.10948,2.14753,2.18591,2.21182,2.23165,2.2595,2.30463,2.37091,2.44773,2.53805,2.64695,2.72695,2.72638,2.75329,2.83964,2.89935,2.91118,2.89898,2.87664,2.85087,2.81755,2.77875,2.73501,2.67781,2.61621,2.56586,2.53664,2.52682,2.53595,2.565,2.61369,2.69846,2.86254,3.13794,3.44997,54.5,36.13,45.5,8,11:54,-1,-169,0,0,65280,N
50B18B,1.97306,1.97856,1.98915,2.01502,2.05106,2.0875,2.11158,2.12947,2.15496,2.19673,2.25862,2.33032,2.41488,2.51687,2.59186,2.59414,2.62395,2.70815,2.76338,2.77115,2.75604,2.73225,2.70627,2.67452,2.6386,2.59871,2.54691,2.49126,2.44608,2.42032,2.4127,2.42283,2.45173,2.49933,2.58112,2.73924,3.00357,3.30457,54.5,36.13,45.5,8,11:57,-1,-177,0,0,65280,Y
50B19A,2.2907,2.2583,2.2491,2.269,2.3052,2.3434,2.3688,2.3886,2.4177,2.465,2.5344,2.6151,2.7095,2.8233,2.9126,2.9274,2.9711,3.0715,3.1316,3.1307,3.1005,3.0587,3.0139,2.9633,2.91,2.8549,2.79,2.724,2.6721,2.6441,2.6383,2.6536,2.6901,2.747,2.8414,3.0218,3.3267,3.6857,48.45,40.55,51.55,37.5,50CL,7/06/2011,12:23:14,0,0,65280,N
50B22A,2.20486,2.21295,2.2296,2.26241,2.30622,2.35129,2.38332,2.40867,2.44104,2.48913,2.55682,2.63471,2.72448,2.83229,2.91923,2.93627,2.97992,3.07978,3.14489,3.15346,3.13391,3.10249,3.06722,3.02519,2.97908,2.93008,2.87021,2.8075,2.75643,2.72625,2.71534,2.72307,2.75036,2.79644,2.87883,3.0429,3.32339,3.63966,49.2,40,50.8,25,11:13,-1,-170,0,0,65280,Y
50B22A,2.3779,2.3945,2.416,2.4523,2.4999,2.5489,2.584,2.6118,2.6467,2.6981,2.7701,2.8525,2.9465,3.0592,3.1531,3.179,3.2379,3.3592,3.4398,3.4541,3.4335,3.3959,3.3509,3.2958,3.2352,3.171,3.0959,3.019,2.9561,2.9181,2.9034,2.9115,2.9426,2.9958,3.0909,3.2812,3.6119,4.0232,47.3,41.43,52.7,42.3,50CL,7/04/2011,2:09:52,0,0,65280,N
50B22B,2.10205,2.10743,2.12129,2.15171,2.19309,2.23554,2.26526,2.28818,2.31788,2.36239,2.42538,2.49798,2.58189,2.68266,2.76402,2.78235,2.82723,2.92354,2.98356,2.98869,2.96722,2.93532,2.90093,2.86135,2.81879,2.77411,2.71993,2.66329,2.61743,2.59085,2.58215,2.59091,2.61789,2.66265,2.74197,2.89922,3.16744,3.47312,49.2,40,50.8,25,11:16,-1,-177,0,0,65280,Y
50B25A,2.5842,2.6048,2.6332,2.6759,2.7296,2.785,2.8264,2.8603,2.9013,2.9584,3.036,3.1241,3.2241,3.3438,3.4441,3.4724,3.5322,3.6572,3.7404,3.7528,3.7284,3.6863,3.6369,3.5775,3.5123,3.4435,3.3633,3.2807,3.2125,3.1696,3.1507,3.1545,3.1822,3.2331,3.3281,3.5245,3.8822,4.3925,47,41.55,53,42.6,50CL,7/07/2011,2:12:49,0,0,65280,N
50B27A,2.32383,2.32763,2.34172,2.37525,2.42239,2.47203,2.50763,2.53562,2.57091,2.62258,2.69428,2.77565,2.86897,2.98133,3.07743,3.11548,3.19063,3.32331,3.40754,3.42037,3.39608,3.35331,3.30216,3.24121,3.17581,3.10863,3.03373,2.95958,2.9009,2.86774,2.85842,2.87187,2.90708,2.96254,3.0583,3.24369,3.55211,3.86815,42.1,45.75,57.9,26,1:30,-1,-168,0,0,65280,N
50B27B,2.1888,2.1893,2.19982,2.23027,2.27423,2.32036,2.35265,2.37719,2.40853,2.45522,2.52057,2.59499,2.68082,2.78432,2.87337,2.91154,2.9857,3.11099,3.18609,3.19237,3.16446,3.12099,3.07183,3.01567,2.95682,2.89725,2.83122,2.76618,2.7149,2.6866,2.67986,2.69387,2.7281,2.7812,2.87237,3.04897,3.34376,3.65433,42.1,45.75,57.9,26,1:33,-1,-177,0,0,65280,N
50B33A,2.46036,2.47549,2.49622,2.53283,2.58242,2.6343,2.6704,2.69835,2.73456,2.78924,2.8673,2.95747,3.06216,3.18948,3.29732,3.33364,3.40893,3.55335,3.64694,3.65883,3.62929,3.58032,3.52322,3.45568,3.38285,3.3068,3.21988,3.13268,3.06262,3.0216,3.00815,3.02121,3.06076,3.1245,3.23328,3.44023,3.77797,4.09877,44.8,43.2,55.2,25,1:40,-1,-168,0,0,65280,N
50B33B,2.60775,2.62566,2.64981,2.69069,2.74572,2.80296,2.84331,2.87492,2.91542,2.97586,3.06162,3.16053,3.27498,3.41421,3.53368,3.57597,3.66022,3.82061,3.92515,3.93768,3.90395,3.84854,3.78416,3.70835,3.62691,3.54194,3.44537,3.34893,3.27141,3.22573,3.21049,3.2243,3.26724,3.33671,3.45428,3.67746,4.03587,4.34568,44.8,43.2,55.2,25,1:43,-1,-177,0,0,65280,Y
50B8A,2.52441,2.49958,2.49815,2.5244,2.56759,2.61464,2.64839,2.67533,2.70995,2.76074,2.83113,2.91112,3.00087,3.10687,3.19927,3.23941,3.31384,3.44004,3.51496,3.51851,3.48536,3.43453,3.3764,3.31058,3.24222,3.17393,3.10001,3.0283,2.97235,2.94141,2.93393,2.94867,2.98462,3.04038,3.1356,3.32066,3.63074,3.96805,42.5,44.95,57.5,7,10:28,-1,-170,0,0,65280,N
50B8B,2.5479,2.51992,2.51623,2.54108,2.58389,2.63086,2.6644,2.69108,2.72563,2.77682,2.84815,2.9298,3.02178,3.13022,3.22477,3.26687,3.34453,3.47461,3.55185,3.55568,3.52173,3.46946,3.40957,3.34148,3.27077,3.20014,3.12394,3.0503,2.9932,2.96193,2.955,2.97104,3.00838,3.06543,3.1623,3.35,3.66339,4.00198,42.5,44.95,57.5,7,10:31,-1,-173,0,0,65280,N
50BC,2.14465,2.13316,2.13541,2.15788,2.19384,2.23269,2.25995,2.28097,2.30869,2.35077,2.40977,2.47614,2.55126,2.64217,2.72216,2.75379,2.81358,2.91961,2.98496,2.99237,2.96995,2.9332,2.89047,2.84125,2.78986,2.73864,2.68154,2.62534,2.58186,2.55908,2.5555,2.56982,2.60199,2.65153,2.7346,2.8947,3.16381,3.46519,46.15,42.25,53.85,14,11:58,-1,-177,0,0,65280,N
50C17A,2.5676,2.5364,2.5305,2.5545,2.5969,2.6441,2.6784,2.7054,2.7397,2.7893,2.8571,2.9336,3.0186,3.1186,3.2115,3.2683,3.3621,3.5022,3.5829,3.5859,3.5489,3.492,3.4271,3.355,3.2815,3.2104,3.1373,3.069,3.0167,2.9883,2.983,2.9995,3.0361,3.0915,3.1864,3.3762,3.7124,4.1614,38.75,47.8,61.25,49.6,50CL,6/28/2011,12:05:25,0,0,65280,Y
50C20A,2.5357,2.548,2.5701,2.6093,2.661,2.7156,2.7577,2.7925,2.8335,2.8889,2.9624,3.0434,3.1327,3.2377,3.3304,3.3732,3.45,3.5799,3.6636,3.6788,3.6579,3.6185,3.5706,3.5135,3.4523,3.3894,3.3194,3.2496,3.193,3.1584,3.1445,3.1507,3.177,3.2233,3.3102,3.4929,3.8251,4.2964,44.35,42.4,55.65,48.6,50CL,6/29/2011,2:25:40,0,0,65280,Y
50C24A,2.4098,2.4309,2.4577,2.4984,2.5496,2.6022,2.6414,2.6732,2.7114,2.7648,2.8376,2.9205,3.0151,3.1275,3.221,3.2484,3.3062,3.4237,3.5021,3.5156,3.4952,3.458,3.4136,3.3596,3.2998,3.2365,3.1627,3.0866,3.0239,2.9846,2.9675,2.9717,2.9977,3.0448,3.1327,3.3144,3.6378,4.0546,47.1,41.58,52.9,42.1,50CL,7/06/2011,12:44:27,0,0,65280,N
50C30A,2.4324,2.4162,2.4215,2.4515,2.4976,2.5488,2.5891,2.6221,2.6591,2.7061,2.7643,2.8262,2.8902,2.9635,3.042,3.1158,3.2275,3.3681,3.4473,3.4544,3.423,3.3703,3.3071,3.2372,3.1668,3.1006,3.0376,2.9817,2.9393,2.916,2.9112,2.9236,2.9511,2.9926,3.0677,3.2253,3.5095,3.8643,26.95,56.53,73.05,54.4,50CL,7/07/2011,2:39:30,0,0,65280,Y
50COW11A,2.22881,2.22551,2.23643,2.26848,2.31406,2.3633,2.40114,2.43111,2.46498,2.5087,2.56397,2.62317,2.68522,2.75686,2.83084,2.89494,2.99454,3.12322,3.19709,3.20629,3.18115,3.13732,3.08457,3.02578,2.96614,2.9095,2.85412,2.80393,2.76541,2.74421,2.73975,2.75084,2.77617,2.81472,2.88435,3.02946,3.28212,3.56599,28.6,55.2,71.4,25,10:08,-1,-177,0,0,65280,N
50COW11B,2.13343,2.12856,2.13735,2.16727,2.21063,2.25745,2.29276,2.32017,2.35133,2.39209,2.4439,2.49967,2.55843,2.62663,2.69753,2.76028,2.85785,2.98199,3.05076,3.05629,3.02906,2.98503,2.93377,2.87789,2.82212,2.76968,2.71882,2.67294,2.63809,2.61934,2.61648,2.62831,2.65362,2.6919,2.76012,2.90091,3.14604,3.42286,28.6,55.2,71.4,25,10:12,-1,-170,0,0,65280,N
50C5A,2.1934,2.2137,2.2365,2.2737,2.3212,2.3705,2.4075,2.4372,2.4724,2.521,2.5861,2.6573,2.7361,2.8291,2.9091,2.9431,3.0094,3.1233,3.1984,3.2163,3.2029,3.172,3.1317,3.0816,3.0261,2.9681,2.9028,2.8372,2.7837,2.7512,2.7386,2.7452,2.7705,2.8146,2.8949,3.057,3.3325,3.6376,42.05,45.25,57.95,44.2,50CL BEEF,7/11/2011,8:31:53 AM,57.95,45.45,45.05,
50C20A,2.3774,2.3939,2.4156,2.451,2.4978,2.5469,2.5827,2.6112,2.6464,2.697,2.7671,2.8464,2.9361,3.043,3.1346,3.171,3.2422,3.3712,3.4543,3.4666,3.4422,3.3997,3.3493,3.2896,3.2247,3.1575,3.0818,3.0059,2.9444,2.9072,2.8932,2.9021,2.9334,2.9864,3.0803,3.266,3.5801,3.9282,44.8,43.275,55.2,39.5,50 CL BEEF,7/15/2011,11:58:32 AM,55.2,43.5,43.05,
50C15A,2.3886,2.4006,2.4186,2.4531,2.5009,2.5516,2.588,2.617,2.6531,2.7058,2.7788,2.8628,2.9581,3.0722,3.1744,3.2203,3.3025,3.4455,3.5396,3.5574,3.5349,3.4916,3.4385,3.3746,3.3055,3.2345,3.1556,3.0772,3.015,2.9795,2.9691,2.9829,3.0196,3.0777,3.177,3.369,3.6886,4.0236,42.55,44.9,57.45,48.6,50CL BEEF,7/12/2011,9:57:46 AM,57.45,45,44.8,
50C13A,2.5284,2.5121,2.5181,2.549,2.5954,2.6459,2.6847,2.7176,2.7577,2.8129,2.8863,2.9671,3.0554,3.1573,3.2462,3.2875,3.3594,3.4798,3.5547,3.5642,3.54,3.4989,3.4502,3.394,3.3348,3.2755,3.2108,3.1474,3.0976,3.0697,3.0619,3.0735,3.1032,3.1513,3.2355,3.4041,3.6944,4.0222,42.45,45.05,57.55,44.2,50 CL BEEF,7/13/2011,11:56:55 AM,57.55,45.25,44.85,
50B32A,2.1748,2.1877,2.2036,2.2333,2.2747,2.3189,2.3503,2.3742,2.4037,2.4466,2.5058,2.5726,2.6472,2.7373,2.8229,2.8736,2.9608,3.0968,3.1815,3.1942,3.1691,3.1243,3.0699,3.0068,2.9399,2.8726,2.801,2.7316,2.6768,2.6457,2.6374,2.6511,2.6859,2.7404,2.833,3.0115,3.3091,3.6304,59.15,47.5,40.85,47.5,50CL BEEF,7/12/2011,2:26:20 PM,40.85,47.55,47.45,
50B23A,2.2337,2.2499,2.27,2.3049,2.3501,2.3954,2.4272,2.4521,2.4846,2.5341,2.605,2.6868,2.7824,2.8979,2.9866,2.9908,3.0232,3.1183,3.1837,3.1959,3.1806,3.1529,3.1203,3.0786,3.0309,2.9778,2.9105,2.8383,2.7782,2.7413,2.7255,2.7304,2.7572,2.8054,2.8926,3.0654,3.3573,3.6805,51.5,38.325,48.5,36,50CL BEEF,7/11/2011,2:01:23 PM,48.5,37.85,38.8,
50B23A,2.1427,2.1504,2.1655,2.1957,2.236,2.277,2.3053,2.3275,2.3569,2.4022,2.4674,2.543,2.631,2.7371,2.8183,2.8228,2.8521,2.9388,2.9955,3.0011,2.9819,2.9533,2.9225,2.8857,2.8444,2.7992,2.7413,2.6788,2.6272,2.5959,2.5833,2.5893,2.6151,2.6606,2.7422,2.9038,3.179,3.4955,54.15,36.375,45.85,36.6,50 CL BEEF,7/14/2011,12:17:49 PM,45.85,36.6,36.15,
50B22A,2.2389,2.2509,2.2672,2.2989,2.3425,2.3874,2.4182,2.4419,2.4731,2.5216,2.5913,2.6716,2.765,2.8792,2.974,2.9997,3.0594,3.1805,3.2594,3.2718,3.2502,3.2129,3.169,3.1163,3.059,2.9987,2.928,2.856,2.7985,2.7657,2.7561,2.7691,2.8047,2.8618,2.959,3.1456,3.4542,3.7852,46.2,42.2,53.8,42.9,50CL BEEF,7/12/2011,10:51:43 AM,53.8,41.9,42.5,
50B20A,2.348,2.3613,2.3837,2.4215,2.4708,2.5214,2.5587,2.5891,2.6271,2.6821,2.7585,2.8451,2.9444,3.0632,3.1581,3.1775,3.2276,3.3401,3.4153,3.4278,3.4084,3.3745,3.335,3.2871,3.2341,3.1774,3.109,3.0379,2.9802,2.9457,2.9327,2.9405,2.9697,3.02,3.1098,3.288,3.5911,3.9287,48.8,40.3,51.2,40.5,50 CL BEEF,7/13/2011,12:19:23 PM,51.2,40.1,40.5,
50B15A,2.3063,2.3239,2.346,2.3821,2.4297,2.4792,2.5148,2.5423,2.5761,2.6246,2.692,2.7692,2.8579,2.9648,3.0581,3.096,3.1681,3.2965,3.378,3.3885,3.3629,3.3201,3.2707,3.213,3.1512,3.0878,3.0162,2.9445,2.8866,2.8524,2.8405,2.8504,2.8816,2.9332,3.0245,3.205,3.5119,3.8502,44,43.875,56,45.2,50 CL BEEF,7/15/2011,10:34:09 AM,56,43.6,44.15,
50BMIX34A,1.9831,1.9897,1.9996,2.0238,2.059,2.0964,2.1221,2.1411,2.1663,2.2055,2.2619,2.3257,2.3971,2.4827,2.5579,2.5899,2.6526,2.7621,2.8324,2.8454,2.828,2.7951,2.7552,2.7075,2.6556,2.6025,2.5427,2.483,2.4357,2.4094,2.4032,2.4165,2.449,2.5,2.5855,2.749,3.0195,3.3188,45.1,43,54.9,46,CL 50 BEEF,7/20/2011,2:29:32 PM,,,,
50MIX34B,1.9435,1.9495,1.9592,1.983,2.0175,2.0541,2.0789,2.097,2.1211,2.1586,2.2125,2.2742,2.3446,2.4292,2.5022,2.5314,2.5908,2.6957,2.7615,2.7715,2.7526,2.7199,2.6815,2.6364,2.5879,2.5381,2.4819,2.4254,2.3806,2.3557,2.3498,2.3625,2.3936,2.4422,2.5245,2.6825,2.9468,3.2426,45.1,43,54.9,45.6,CL 50 BEEF,7/20/2011,2:31:32 PM,,,,
50COW20B,2.2366,2.2529,2.2725,2.3064,2.3507,2.3965,2.4299,2.4558,2.4876,2.5334,2.5965,2.6669,2.746,2.8406,2.9209,2.9491,3.0082,3.1178,3.1886,3.2012,3.1829,3.1489,3.1073,3.0568,3.0018,2.9442,2.8781,2.8109,2.7556,2.7219,2.7086,2.7151,2.7419,2.7885,2.8731,3.0411,3.3245,3.6404,44.8,43.25,55.2,41.6,CL 50 BEEF,7/21/2011,10:55:29 AM,55.2,43.5,43,
50COW20A,2.2569,2.2734,2.2932,2.3274,2.3724,2.4189,2.4526,2.4788,2.511,2.5572,2.6209,2.6928,2.7747,2.873,2.9568,2.9871,3.0489,3.1628,3.2362,3.2485,3.2285,3.1921,3.1481,3.0953,3.0379,2.978,2.9097,2.8404,2.7836,2.749,2.7354,2.7422,2.7693,2.8159,2.9006,3.0701,3.3584,3.6797,44.8,43.25,55.2,42.1,CL 50 BEEF,7/21/2011,10:52:53 AM,55.2,43.5,43,
50BMIX34A,1.9831,1.9897,1.9996,2.0238,2.059,2.0964,2.1221,2.1411,2.1663,2.2055,2.2619,2.3257,2.3971,2.4827,2.5579,2.5899,2.6526,2.7621,2.8324,2.8454,2.828,2.7951,2.7552,2.7075,2.6556,2.6025,2.5427,2.483,2.4357,2.4094,2.4032,2.4165,2.449,2.5,2.5855,2.749,3.0195,3.3188,45.1,43,54.9,46,CL 50 BEEF,7/20/2011,2:29:32 PM,54.9,43,43,
50B35B,1.7316,1.7335,1.7396,1.7605,1.7906,1.8215,1.842,1.8568,1.8774,1.9109,1.9599,2.0164,2.0826,2.1628,2.2234,2.2249,2.2445,2.3065,2.3491,2.3583,2.3503,2.3348,2.3164,2.2924,2.2645,2.2334,2.1924,2.1478,2.1112,2.0904,2.0841,2.0916,2.1141,2.1514,2.2165,2.3437,2.5583,2.8099,52.6,37.5,47.4,36.6,CL 50 BEEF,7/21/2011,1:25:05 PM,47.4,37.5,37.5,
50B35B,1.7788,1.7785,1.7834,1.8045,1.8355,1.8672,1.8883,1.9034,1.9248,1.9599,2.0114,2.07,2.1378,2.2199,2.2818,2.2845,2.3081,2.3753,2.4205,2.4298,2.4206,2.4033,2.3826,2.356,2.3256,2.292,2.2487,2.2022,2.1643,2.143,2.137,2.1456,2.17,2.2102,2.2799,2.4142,2.6387,2.8996,52.6,37.5,47.4,37,CL 50 BEEF,7/21/2011,1:27:34 PM,47.4,37.5,37.5,
50B35A,1.7409,1.7412,1.7469,1.7674,1.7971,1.8277,1.8483,1.8636,1.885,1.9195,1.9701,2.0276,2.0942,2.1746,2.2354,2.2363,2.2555,2.318,2.3613,2.3707,2.3627,2.3469,2.3282,2.3037,2.2753,2.2436,2.202,2.1568,2.1199,2.099,2.0928,2.1007,2.124,2.1628,2.23,2.3598,2.5767,2.8311,52.6,37.5,47.4,36.7,CL 50 BEEF,7/21/2011,1:23:13 PM,47.4,37.5,37.5,
50B34B,1.7435,1.7465,1.7535,1.7737,1.8022,1.8305,1.8487,1.862,1.8828,1.9192,1.9748,2.0399,2.1178,2.2126,2.2767,2.2558,2.2503,2.2985,2.3369,2.3466,2.3424,2.3337,2.3242,2.3089,2.2881,2.2616,2.2202,2.1715,2.1308,2.107,2.0984,2.1043,2.1269,2.1666,2.2356,2.3683,2.5908,2.854,60.7,31.5,39.3,31.5,CL 50 BEEF,7/21/2011,1:20:47 PM,39.3,31,32,
50B34A,1.7351,1.7379,1.7443,1.7654,1.7948,1.8233,1.8411,1.8541,1.8748,1.9117,1.9683,2.0341,2.1126,2.2081,2.2705,2.2438,2.2328,2.2766,2.3122,2.3216,2.3188,2.3125,2.306,2.2936,2.2757,2.2516,2.2115,2.1636,2.1231,2.0993,2.0903,2.0958,2.1184,2.1585,2.2286,2.362,2.584,2.8463,60.7,31.5,39.3,30.4,CL 50 BEEF,7/21/2011,1:18:25 PM,39.3,31,32,
50B20A,2.2222,2.2064,2.2059,2.2286,2.2661,2.3062,2.3331,2.3533,2.3819,2.4281,2.4954,2.573,2.6633,2.7724,2.8605,2.8834,2.9387,3.0492,3.1178,3.1238,3.0987,3.0596,3.0153,2.964,2.9094,2.8531,2.7881,2.7227,2.6715,2.6442,2.6391,2.6551,2.692,2.7487,2.8429,3.0215,3.3168,3.6375,100,0,0,40.6,50 CL BEEF,7/20/2011,12:17:23 PM,,,,
50B19A,2.4925,2.5157,2.5446,2.5867,2.6398,2.6951,2.7369,2.7711,2.8123,2.8698,2.9479,3.036,3.1351,3.2531,3.3537,3.3888,3.4575,3.5907,3.6818,3.7007,3.6811,3.6418,3.5926,3.5323,3.4654,3.3949,3.314,3.2317,3.1645,3.1235,3.1069,3.1139,3.1444,3.197,3.292,3.4808,3.7988,4.137,45.25,42.9,54.75,41.5,50 CL BEEF,7/18/2011,12:05:51 PM,54.75,43,42.8,
50B19A,2.3126,2.3283,2.3498,2.3857,2.4324,2.48,2.5137,2.5406,2.5754,2.6278,2.7023,2.789,2.8904,3.0133,3.1117,3.125,3.1663,3.2743,3.3492,3.3633,3.3461,3.3146,3.2774,3.2308,3.1782,3.1211,3.0505,2.9759,2.915,2.8786,2.8646,2.872,2.9018,2.9524,3.0425,3.2205,3.5214,3.8536,49.5,39.825,50.5,42.1,50 CL BEEF,7/19/2011,12:21:03 PM,50.5,39.2,40.45,
50B19A,2.3606,2.3238,2.3115,2.3284,2.3638,2.403,2.4284,2.4478,2.4772,2.5269,2.601,2.6878,2.7894,2.9124,3.0119,3.0366,3.095,3.2155,3.2901,3.2937,3.2618,3.214,3.1607,3.0993,3.0346,2.9682,2.8924,2.817,2.7591,2.7292,2.7256,2.7466,2.7914,2.8578,2.9646,3.1615,3.4822,3.8182,45.7,42.65,54.3,37.5,50 CL BEEF,7/20/2011,12:10:20 PM,54.3,42.65,42.65,
50B15B,2.0382,2.048,2.0617,2.0884,2.1241,2.1597,2.1833,2.2016,2.2279,2.2717,2.337,2.4131,2.5028,2.6117,2.6893,2.6753,2.6828,2.7522,2.8033,2.8132,2.8027,2.7845,2.764,2.7363,2.7025,2.6625,2.6062,2.5429,2.4897,2.4573,2.4438,2.4488,2.4747,2.5214,2.6039,2.7631,3.0295,3.3347,59,32.75,41,32.4,CL 50 BEEF,7/21/2011,8:26:03 AM,41,33.5,32,
50B15A,2.0895,2.0996,2.1137,2.1414,2.1784,2.215,2.2392,2.258,2.2851,2.3301,2.3974,2.476,2.5691,2.6823,2.7621,2.7452,2.7507,2.8203,2.8719,2.882,2.8717,2.8537,2.8336,2.8057,2.7715,2.7305,2.6723,2.6065,2.5512,2.5174,2.5028,2.5075,2.5334,2.5808,2.6651,2.8283,3.1011,3.4113,59,32.75,41,31.5,CL 50 BEEF,7/21/2011,8:21:55 AM,41,33.5,32,
5024A,2.4915,2.5102,2.534,2.5722,2.622,2.6741,2.7125,2.7434,2.7806,2.8335,2.9058,2.9879,3.0815,3.1936,3.2906,3.327,3.3971,3.5278,3.6143,3.6298,3.6077,3.5661,3.5151,3.4534,3.3861,3.3161,3.2368,3.1569,3.0919,3.052,3.036,3.0426,3.0721,3.1231,3.2157,3.4008,3.7158,4.0582,44.1,43.75,55.9,44.6,50 CL BEEF,7/18/2011,12:24:59 PM,55.9,43.9,43.6,
27R2,1.7074,1.7252,1.7481,1.7749,1.8051,1.8347,1.8595,1.8835,1.9114,1.9475,1.9942,2.0457,2.102,2.1694,2.2294,2.2579,2.304,2.3854,2.4389,2.449,2.4371,2.4144,2.3871,2.355,2.3203,2.2848,2.2447,2.2048,2.1738,2.1562,2.1512,2.1586,2.1785,2.2113,2.2718,2.3951,2.6046,2.8421,42.3,44.6,59.166,CL72C,20/01/2012,18:16:43,,,,,N
27R2,1.7074,1.7252,1.7481,1.7749,1.8051,1.8347,1.8595,1.8835,1.9114,1.9475,1.9942,2.0457,2.102,2.1694,2.2294,2.2579,2.304,2.3854,2.4389,2.449,2.4371,2.4144,2.3871,2.355,2.3203,2.2848,2.2447,2.2048,2.1738,2.1562,2.1512,2.1586,2.1785,2.2113,2.2718,2.3951,2.6046,2.8421,42.3,44.6,59.166,CL72C,20/01/2012,18:16:43,,,,,N
27R1,1.7268,1.7452,1.7689,1.7965,1.8275,1.8579,1.8834,1.9082,1.9371,1.9742,2.0221,2.0745,2.131,2.1984,2.2596,2.2904,2.3392,2.4235,2.479,2.4898,2.4778,2.4544,2.4259,2.3924,2.3563,2.3195,2.2784,2.2374,2.2058,2.1878,2.1829,2.1906,2.2114,2.2457,2.3087,2.4358,2.6506,2.8913,44.7,44.1,58.561,CL72C,20/01/2012,18:12:32,,,,,N
27R1,1.7268,1.7452,1.7689,1.7965,1.8275,1.8579,1.8834,1.9082,1.9371,1.9742,2.0221,2.0745,2.131,2.1984,2.2596,2.2904,2.3392,2.4235,2.479,2.4898,2.4778,2.4544,2.4259,2.3924,2.3563,2.3195,2.2784,2.2374,2.2058,2.1878,2.1829,2.1906,2.2114,2.2457,2.3087,2.4358,2.6506,2.8913,44.7,44.1,58.561,CL72C,20/01/2012,18:12:32,,,,,N
31R2,1.7287,1.7378,1.7552,1.7792,1.8092,1.839,1.8633,1.8861,1.9135,1.9506,2.0001,2.0547,2.1148,2.1864,2.2476,2.2714,2.3128,2.3908,2.4411,2.4489,2.4356,2.4125,2.3855,2.354,2.32,2.2849,2.2445,2.2038,2.1722,2.1546,2.1504,2.1593,2.1817,2.218,2.2835,2.4141,2.6312,2.8729,44.4,43.1,57.351,CL72C,20/01/2012,18:44:31,,,,,N
31R2,1.7287,1.7378,1.7552,1.7792,1.8092,1.839,1.8633,1.8861,1.9135,1.9506,2.0001,2.0547,2.1148,2.1864,2.2476,2.2714,2.3128,2.3908,2.4411,2.4489,2.4356,2.4125,2.3855,2.354,2.32,2.2849,2.2445,2.2038,2.1722,2.1546,2.1504,2.1593,2.1817,2.218,2.2835,2.4141,2.6312,2.8729,44.4,43.1,57.351,CL72C,20/01/2012,18:44:31,,,,,N
29R1,1.7369,1.7541,1.7765,1.804,1.8366,1.8685,1.8944,1.9185,1.947,1.985,2.0356,2.0917,2.1539,2.2286,2.2924,2.3165,2.3589,2.4401,2.4931,2.5018,2.4887,2.4657,2.4388,2.4074,2.3734,2.338,2.2966,2.2544,2.2211,2.2019,2.1962,2.2038,2.225,2.2605,2.326,2.4581,2.6796,2.9283,47.7,39.3,52.753,CL72C,20/01/2012,18:31:02,,,,,N
29R1,1.7369,1.7541,1.7765,1.804,1.8366,1.8685,1.8944,1.9185,1.947,1.985,2.0356,2.0917,2.1539,2.2286,2.2924,2.3165,2.3589,2.4401,2.4931,2.5018,2.4887,2.4657,2.4388,2.4074,2.3734,2.338,2.2966,2.2544,2.2211,2.2019,2.1962,2.2038,2.225,2.2605,2.326,2.4581,2.6796,2.9283,47.7,39.3,52.753,CL72C,20/01/2012,18:31:02,,,,,N
3R1,1.742,1.7698,1.8038,1.8427,1.8856,1.929,1.9679,2.0039,2.0396,2.0769,2.1162,2.154,2.187,2.2218,2.2715,2.3446,2.4491,2.5624,2.6266,2.6386,2.622,2.5884,2.5456,2.4986,2.452,2.4097,2.3732,2.3435,2.3216,2.3085,2.3042,2.308,2.3182,2.3354,2.3747,2.4685,2.6389,2.8268,3.4,72.8,93.288,CL914B,15/12/2011,19:21:24,,,,,N
7R1,1.7423,1.7617,1.79,1.8242,1.8629,1.9027,1.9388,1.9726,2.0067,2.0426,2.0809,2.1177,2.1497,2.1833,2.2317,2.3032,2.4063,2.5188,2.5839,2.5974,2.5821,2.5489,2.5053,2.4565,2.4076,2.3627,2.3239,2.2926,2.2699,2.257,2.2536,2.259,2.2715,2.291,2.3328,2.4297,2.6027,2.7942,3.4,73.7,94.377,CL914B,15/12/2011,19:30:50,,,,,N
4R1,1.7536,1.7756,1.8058,1.8421,1.8832,1.9254,1.9635,1.9987,2.0339,2.0709,2.1102,2.1479,2.1806,2.2147,2.2626,2.3329,2.4334,2.542,2.6049,2.6191,2.6057,2.575,2.5341,2.4881,2.4419,2.3996,2.363,2.3332,2.3111,2.298,2.2938,2.2978,2.308,2.3252,2.3634,2.4559,2.6223,2.8056,3.1,73.6,94.256,CL914B,15/12/2011,19:23:43,,,,,N
8R1,1.7665,1.7504,1.7528,1.7702,1.7983,1.829,1.855,1.8788,1.9045,1.934,1.9679,2.0015,2.0309,2.063,2.1116,2.1854,2.293,2.409,2.4712,2.4772,2.4524,2.4085,2.3541,2.2948,2.2363,2.1835,2.1389,2.1041,2.0806,2.0699,2.0723,2.0863,2.1093,2.1408,2.1973,2.313,2.5075,2.7149,3.3,73.7,94.377,CL914B,15/12/2011,19:34:04,,,,,N
26R2,1.7793,1.792,1.8153,1.8462,1.8825,1.9188,1.9494,1.9782,2.0107,2.0508,2.1008,2.1544,2.2112,2.2772,2.3393,2.3808,2.4433,2.5351,2.5897,2.5949,2.5766,2.5478,2.5156,2.4809,2.4458,2.4118,2.3758,2.3415,2.3156,2.3015,2.2986,2.3069,2.3265,2.3583,2.4175,2.5396,2.748,2.9837,38.9,45.4,60.134,CL72C,20/01/2012,18:06:47,,,,,N
26R2,1.7793,1.792,1.8153,1.8462,1.8825,1.9188,1.9494,1.9782,2.0107,2.0508,2.1008,2.1544,2.2112,2.2772,2.3393,2.3808,2.4433,2.5351,2.5897,2.5949,2.5766,2.5478,2.5156,2.4809,2.4458,2.4118,2.3758,2.3415,2.3156,2.3015,2.2986,2.3069,2.3265,2.3583,2.4175,2.5396,2.748,2.9837,38.9,45.4,60.134,CL72C,20/01/2012,18:06:47,,,,,N
28R1,1.7799,1.7976,1.8207,1.8482,1.8802,1.9114,1.9372,1.962,1.9913,2.0301,2.0812,2.1374,2.1987,2.272,2.3358,2.362,2.4068,2.4912,2.5474,2.5581,2.546,2.5227,2.4946,2.4611,2.4248,2.3871,2.3437,2.2998,2.2655,2.2457,2.2401,2.248,2.2701,2.3073,2.3747,2.51,2.7363,2.9884,45,43.4,57.714,CL72C,20/01/2012,18:22:26,,,,,N
28R1,1.7799,1.7976,1.8207,1.8482,1.8802,1.9114,1.9372,1.962,1.9913,2.0301,2.0812,2.1374,2.1987,2.272,2.3358,2.362,2.4068,2.4912,2.5474,2.5581,2.546,2.5227,2.4946,2.4611,2.4248,2.3871,2.3437,2.2998,2.2655,2.2457,2.2401,2.248,2.2701,2.3073,2.3747,2.51,2.7363,2.9884,45,43.4,57.714,CL72C,20/01/2012,18:22:26,,,,,N
7R2,1.7824,1.7886,1.808,1.8369,1.8728,1.9107,1.9441,1.9753,2.0073,2.042,2.0798,2.1168,2.1493,2.1842,2.2355,2.312,2.4225,2.5428,2.6093,2.6182,2.5959,2.555,2.5041,2.4488,2.3944,2.3451,2.3032,2.27,2.2467,2.2344,2.2334,2.2425,2.2596,2.2849,2.3342,2.443,2.6338,2.8424,3.4,73.7,94.377,CL914B,15/12/2011,20:43:09,,,,,N
5R1,1.7893,1.8063,1.8338,1.8688,1.9088,1.9499,1.9867,2.0213,2.0562,2.0928,2.1318,2.1698,2.2036,2.2393,2.2897,2.3634,2.4689,2.5838,2.6494,2.6619,2.6448,2.6092,2.5635,2.5127,2.4619,2.4156,2.3758,2.3437,2.3206,2.3071,2.3036,2.3088,2.3207,2.3391,2.3793,2.4755,2.6505,2.8447,3,73.6,94.256,CL914B,15/12/2011,19:26:19,,,,,N
28R2,1.7964,1.8138,1.837,1.8652,1.8981,1.9306,1.9572,1.9826,2.0125,2.0521,2.1043,2.1615,2.2238,2.298,2.3629,2.3902,2.4368,2.5231,2.58,2.5904,2.5775,2.5533,2.5241,2.4897,2.4526,2.4142,2.3702,2.3258,2.2911,2.2712,2.2655,2.2735,2.2962,2.334,2.4028,2.54,2.7692,3.0237,45.4,43.2,57.472,CL72C,20/01/2012,18:26:13,,,,,N
4R2,1.7964,1.8139,1.8421,1.8777,1.918,1.9598,1.9973,2.0325,2.0682,2.1056,2.1454,2.1842,2.2189,2.2557,2.3076,2.3833,2.4915,2.6091,2.6757,2.6867,2.6675,2.6303,2.5836,2.5327,2.4823,2.4366,2.3977,2.3662,2.3436,2.3308,2.3275,2.3329,2.3453,2.3644,2.4055,2.5037,2.6826,2.8812,3.1,73.6,94.256,CL914B,15/12/2011,20:36:57,,,,,N
28R2,1.7964,1.8138,1.837,1.8652,1.8981,1.9306,1.9572,1.9826,2.0125,2.0521,2.1043,2.1615,2.2238,2.298,2.3629,2.3902,2.4368,2.5231,2.58,2.5904,2.5775,2.5533,2.5241,2.4897,2.4526,2.4142,2.3702,2.3258,2.2911,2.2712,2.2655,2.2735,2.2962,2.334,2.4028,2.54,2.7692,3.0237,45.4,43.2,57.472,CL72C,20/01/2012,18:26:13,,,,,N
29R2,1.8008,1.8195,1.8435,1.8724,1.9058,1.9387,1.9654,1.9904,2.0201,2.0595,2.1118,2.1702,2.2353,2.3135,2.3801,2.4046,2.4472,2.5309,2.5864,2.596,2.5828,2.559,2.5311,2.4982,2.4625,2.425,2.3812,2.3363,2.3009,2.2802,2.2736,2.2808,2.3021,2.3384,2.4052,2.5413,2.7707,3.0277,47.7,39.3,52.753,CL72C,20/01/2012,18:33:46,,,,,N
29R2,1.8008,1.8195,1.8435,1.8724,1.9058,1.9387,1.9654,1.9904,2.0201,2.0595,2.1118,2.1702,2.2353,2.3135,2.3801,2.4046,2.4472,2.5309,2.5864,2.596,2.5828,2.559,2.5311,2.4982,2.4625,2.425,2.3812,2.3363,2.3009,2.2802,2.2736,2.2808,2.3021,2.3384,2.4052,2.5413,2.7707,3.0277,47.7,39.3,52.753,CL72C,20/01/2012,18:33:46,,,,,N
2R2,1.8024,1.8287,1.8631,1.9033,1.9477,1.993,2.0337,2.0716,2.1093,2.1487,2.1905,2.2306,2.2656,2.3024,2.3545,2.4306,2.5393,2.6572,2.7241,2.7362,2.7187,2.6833,2.6384,2.5892,2.5405,2.4962,2.4582,2.4273,2.4046,2.3911,2.3867,2.391,2.4018,2.4203,2.4616,2.5602,2.7384,2.9359,2.8,73.6,94.256,CL914B,15/12/2011,20:32:43,,,,,N
2R1,1.8037,1.8252,1.8559,1.8929,1.9348,1.9777,2.0166,2.053,2.0895,2.1279,2.1687,2.2079,2.2419,2.2772,2.3276,2.4016,2.5079,2.624,2.6915,2.7064,2.6918,2.6583,2.6138,2.5635,2.5129,2.4664,2.4262,2.3935,2.3696,2.3556,2.3512,2.356,2.3675,2.3865,2.4279,2.5261,2.7028,2.8981,2.8,73.6,94.256,CL914B,15/12/2011,19:14:45,,,,,N
3R2,1.8071,1.8301,1.8624,1.9013,1.9446,1.9892,2.0294,2.0667,2.104,2.143,2.1846,2.2247,2.2599,2.2972,2.3499,2.4268,2.5365,2.6557,2.7233,2.7352,2.7168,2.6804,2.6344,2.5839,2.5341,2.4889,2.4501,2.4187,2.3959,2.3824,2.3786,2.3835,2.3951,2.4144,2.4562,2.5564,2.7362,2.9361,3.4,72.8,93.288,CL914B,15/12/2011,20:34:58,,,,,N
10R1,1.8089,1.8227,1.846,1.8765,1.9126,1.9501,1.9834,2.0144,2.046,2.0796,2.1159,2.1513,2.1826,2.2162,2.2663,2.3421,2.4523,2.573,2.6411,2.6522,2.632,2.5928,2.543,2.4881,2.4334,2.3836,2.3409,2.3066,2.2821,2.2686,2.2661,2.2736,2.2886,2.3115,2.3575,2.4629,2.6509,2.8565,3,74.3,95.103,CL914B,15/12/2011,19:36:13,,,,,N
30R2,1.8099,1.8295,1.8551,1.8856,1.9201,1.9541,1.9822,2.0093,2.0408,2.0819,2.1354,2.194,2.2575,2.3331,2.3991,2.427,2.4735,2.5601,2.6175,2.6287,2.6165,2.593,2.5647,2.5309,2.4943,2.4563,2.4126,2.3684,2.3337,2.3135,2.3074,2.3148,2.3364,2.3728,2.4399,2.5757,2.8036,3.059,46.6,42.4,56.504,CL72C,20/01/2012,18:41:02,,,,,N
30R2,1.8099,1.8295,1.8551,1.8856,1.9201,1.9541,1.9822,2.0093,2.0408,2.0819,2.1354,2.194,2.2575,2.3331,2.3991,2.427,2.4735,2.5601,2.6175,2.6287,2.6165,2.593,2.5647,2.5309,2.4943,2.4563,2.4126,2.3684,2.3337,2.3135,2.3074,2.3148,2.3364,2.3728,2.4399,2.5757,2.8036,3.059,46.6,42.4,56.504,CL72C,20/01/2012,18:41:02,,,,,N
9R1,1.8125,1.7929,1.7944,1.8117,1.8395,1.8708,1.8975,1.9224,1.9496,1.9807,2.0164,2.052,2.0837,2.1181,2.1694,2.2471,2.3597,2.4822,2.548,2.5524,2.524,2.4763,2.4185,2.3562,2.2952,2.2404,2.1942,2.158,2.1337,2.1227,2.1245,2.1384,2.1614,2.1935,2.2499,2.3675,2.5681,2.7822,3,73.7,94.377,CL914B,15/12/2011,19:07:10,,,,,N
10R2,1.813,1.8263,1.8507,1.8823,1.9192,1.9576,1.9918,2.0242,2.0573,2.0925,2.1305,2.1674,2.1996,2.2339,2.2848,2.3616,2.4726,2.5944,2.6625,2.6719,2.6497,2.609,2.5584,2.5035,2.4493,2.4003,2.3584,2.3248,2.3011,2.288,2.2855,2.2929,2.3081,2.3316,2.3787,2.4851,2.6743,2.8835,3,74.3,95.103,CL914B,15/12/2011,20:47:47,,,,,N
32R2,1.8161,1.8352,1.8598,1.8896,1.9242,1.9581,1.9859,2.012,2.0427,2.0833,2.1369,2.196,2.2609,2.3382,2.4036,2.4272,2.4692,2.5516,2.606,2.6159,2.6037,2.5815,2.5554,2.5243,2.4905,2.455,2.4129,2.3698,2.3357,2.3159,2.3097,2.3169,2.3382,2.3745,2.4417,2.5772,2.8044,3.0588,44.4,43.1,57.351,CL72C,20/01/2012,18:54:29,,,,,N
32R2,1.8161,1.8352,1.8598,1.8896,1.9242,1.9581,1.9859,2.012,2.0427,2.0833,2.1369,2.196,2.2609,2.3382,2.4036,2.4272,2.4692,2.5516,2.606,2.6159,2.6037,2.5815,2.5554,2.5243,2.4905,2.455,2.4129,2.3698,2.3357,2.3159,2.3097,2.3169,2.3382,2.3745,2.4417,2.5772,2.8044,3.0588,44.4,43.1,57.351,CL72C,20/01/2012,18:54:29,,,,,N
5R2,1.8382,1.855,1.8832,1.9194,1.9611,2.0044,2.0433,2.0795,2.116,2.1547,2.1962,2.2365,2.272,2.3096,2.3632,2.4419,2.5546,2.6771,2.7462,2.7572,2.7367,2.6976,2.6485,2.5949,2.5421,2.4941,2.4531,2.4201,2.3963,2.3829,2.3796,2.3859,2.3995,2.4209,2.4661,2.5713,2.7596,2.9664,3,73.6,94.256,CL914B,15/12/2011,20:39:05,,,,,N
8R2,1.8449,1.8578,1.8833,1.9171,1.9562,1.9966,2.0329,2.0673,2.1023,2.1394,2.1791,2.218,2.253,2.2904,2.3439,2.4231,2.5368,2.662,2.7327,2.7426,2.7199,2.6781,2.6262,2.57,2.5144,2.4639,2.4208,2.3863,2.3618,2.3484,2.3454,2.3527,2.3677,2.3901,2.4355,2.5417,2.7332,2.9471,3.3,73.6,94.256,CL914B,15/12/2011,20:45:06,,,,,N
30R1,1.85,1.87,1.8957,1.9268,1.9631,1.9986,2.0278,2.0552,2.0871,2.1289,2.1836,2.2439,2.3101,2.3892,2.4582,2.4872,2.5359,2.6258,2.6849,2.6956,2.6821,2.657,2.6271,2.5919,2.5538,2.5143,2.4689,2.423,2.3868,2.3659,2.3595,2.367,2.3891,2.4265,2.4958,2.6361,2.8721,3.1343,44.1,43.5,57.835,CL72C,20/01/2012,18:37:28,,,,,N
30R1,1.85,1.87,1.8957,1.9268,1.9631,1.9986,2.0278,2.0552,2.0871,2.1289,2.1836,2.2439,2.3101,2.3892,2.4582,2.4872,2.5359,2.6258,2.6849,2.6956,2.6821,2.657,2.6271,2.5919,2.5538,2.5143,2.4689,2.423,2.3868,2.3659,2.3595,2.367,2.3891,2.4265,2.4958,2.6361,2.8721,3.1343,44.1,43.5,57.835,CL72C,20/01/2012,18:37:28,,,,,N
6R1,1.8646,1.8978,1.9362,1.9784,2.0233,2.0686,2.1098,2.1486,2.1868,2.2263,2.2678,2.3072,2.3412,2.3765,2.4264,2.4997,2.6047,2.7197,2.7871,2.8023,2.7881,2.7556,2.7123,2.6636,2.6145,2.5691,2.5292,2.4962,2.4711,2.4548,2.4474,2.4482,2.4555,2.4701,2.5068,2.6002,2.7729,2.9663,3.4,73.1,93.651,CL914B,15/12/2011,19:28:46,,,,,N
1R1,1.8668,1.8802,1.9046,1.9367,1.9746,2.0141,2.0496,2.0826,2.1159,2.1514,2.1895,2.2267,2.2596,2.2946,2.3455,2.4215,2.5316,2.6521,2.7205,2.7322,2.7125,2.6733,2.6231,2.5674,2.5117,2.4606,2.4167,2.3811,2.3553,2.3405,2.3366,2.3428,2.3561,2.3772,2.4211,2.525,2.7114,2.9161,3,73.4,94.014,CL914B,15/12/2011,19:09:19,,,,,N
31R1,1.8726,1.8888,1.9111,1.9391,1.9732,2.007,2.034,2.0588,2.0882,2.1279,2.181,2.2403,2.3063,2.3857,2.4545,2.4836,2.5346,2.6271,2.6864,2.6953,2.6791,2.6513,2.6188,2.5812,2.5409,2.4993,2.4519,2.4043,2.3671,2.3458,2.3399,2.3491,2.3734,2.4135,2.4864,2.6324,2.8759,3.1411,44.7,43.1,57.351,CL72C,20/01/2012,18:47:23,,,,,N
31R1,1.8726,1.8888,1.9111,1.9391,1.9732,2.007,2.034,2.0588,2.0882,2.1279,2.181,2.2403,2.3063,2.3857,2.4545,2.4836,2.5346,2.6271,2.6864,2.6953,2.6791,2.6513,2.6188,2.5812,2.5409,2.4993,2.4519,2.4043,2.3671,2.3458,2.3399,2.3491,2.3734,2.4135,2.4864,2.6324,2.8759,3.1411,44.7,43.1,57.351,CL72C,20/01/2012,18:47:23,,,,,N
26R1,1.8765,1.8916,1.9176,1.951,1.9897,2.0281,2.061,2.0926,2.1279,2.1712,2.2249,2.2827,2.3437,2.4145,2.4808,2.5233,2.5869,2.6835,2.7437,2.7527,2.7361,2.7072,2.6734,2.6356,2.5966,2.5582,2.5175,2.4784,2.4486,2.4318,2.4276,2.4352,2.4551,2.4878,2.549,2.6768,2.897,3.1455,38.9,45.4,60.134,CL72C,20/01/2012,18:01:21,,,,,N
26R1,1.8765,1.8916,1.9176,1.951,1.9897,2.0281,2.061,2.0926,2.1279,2.1712,2.2249,2.2827,2.3437,2.4145,2.4808,2.5233,2.5869,2.6835,2.7437,2.7527,2.7361,2.7072,2.6734,2.6356,2.5966,2.5582,2.5175,2.4784,2.4486,2.4318,2.4276,2.4352,2.4551,2.4878,2.549,2.6768,2.897,3.1455,38.9,45.4,60.134,CL72C,20/01/2012,18:01:21,,,,,N
32R1,1.8935,1.9133,1.9396,1.9721,2.01,2.047,2.0773,2.1056,2.139,2.183,2.2409,2.3048,2.3749,2.4584,2.5287,2.5533,2.5972,2.6845,2.7423,2.7526,2.7396,2.7159,2.6881,2.655,2.6191,2.5811,2.536,2.4898,2.4531,2.4316,2.4246,2.4317,2.4537,2.4917,2.5623,2.7051,2.9441,3.2101,47.1,41.5,55.415,CL72C,20/01/2012,18:51:47,,,,,N
32R1,1.8935,1.9133,1.9396,1.9721,2.01,2.047,2.0773,2.1056,2.139,2.183,2.2409,2.3048,2.3749,2.4584,2.5287,2.5533,2.5972,2.6845,2.7423,2.7526,2.7396,2.7159,2.6881,2.655,2.6191,2.5811,2.536,2.4898,2.4531,2.4316,2.4246,2.4317,2.4537,2.4917,2.5623,2.7051,2.9441,3.2101,47.1,41.5,55.415,CL72C,20/01/2012,18:51:47,,,,,N
6R2,1.8971,1.9267,1.9643,2.0074,2.0544,2.1023,2.1457,2.186,2.2259,2.2673,2.311,2.3528,2.3895,2.4277,2.4806,2.5565,2.664,2.7806,2.8474,2.8601,2.8432,2.8086,2.7643,2.7156,2.6673,2.6231,2.5848,2.5531,2.5292,2.5139,2.5071,2.5083,2.516,2.5309,2.5683,2.663,2.8373,3.0328,3.4,71.1,91.231,CL914B,15/12/2011,20:41:13,,,,,N
9R2,1.9124,1.915,1.9332,1.9625,1.999,2.0378,2.0723,2.1044,2.1375,2.1734,2.2126,2.2514,2.2863,2.324,2.379,2.4611,2.5797,2.7096,2.7812,2.789,2.7627,2.7163,2.6595,2.5984,2.5383,2.4842,2.4383,2.4018,2.3761,2.3624,2.3605,2.3696,2.3868,2.4123,2.4624,2.576,2.778,2.9999,3,73.7,94.377,CL914B,15/12/2011,20:27:54,,,,,N
23R2,1.9159,1.9309,1.9576,1.9919,2.0317,2.0718,2.1065,2.1398,2.1762,2.2194,2.2717,2.3268,2.3831,2.448,2.5153,2.5707,2.6503,2.7605,2.8286,2.8397,2.8211,2.7865,2.7443,2.697,2.6483,2.6017,2.5551,2.5122,2.4799,2.4619,2.4573,2.4656,2.4858,2.5184,2.5798,2.7102,2.9357,3.187,30.6,53.5,69.935,CL72C,15/12/2011,21:28:19,,,,,N
24R2,1.9166,1.9146,1.9299,1.9568,1.9913,2.0277,2.0589,2.0889,2.122,2.1616,2.2095,2.2602,2.3115,2.3705,2.4351,2.496,2.5834,2.6971,2.7641,2.7715,2.7479,2.7075,2.659,2.6059,2.5524,2.5024,2.4548,2.4128,2.3821,2.3661,2.3643,2.3753,2.3979,2.4318,2.4935,2.6238,2.848,3.0963,30.6,53.5,69.935,CL72C,15/12/2011,21:30:10,,,,,N
1R2,1.9245,1.9193,1.9329,1.9595,1.9951,2.0334,2.0672,2.0987,2.1316,2.1677,2.2078,2.2474,2.2825,2.3202,2.3751,2.457,2.5748,2.7031,2.773,2.7797,2.7524,2.7049,2.6469,2.5844,2.523,2.4678,2.4211,2.384,2.358,2.3447,2.3438,2.3542,2.3733,2.4014,2.4551,2.5727,2.7773,2.9993,3,73.4,94.014,CL914B,15/12/2011,20:30:17,,,,,N
22R2,1.9302,1.9299,1.946,1.9738,2.01,2.0478,2.08,2.1101,2.1435,2.1835,2.232,2.2826,2.333,2.3904,2.4537,2.5145,2.603,2.7166,2.782,2.7882,2.7638,2.7232,2.6752,2.623,2.571,2.5225,2.4764,2.4357,2.406,2.3905,2.3884,2.3993,2.4217,2.456,2.5191,2.6503,2.8738,3.12,25.2,57,74.17,CL72C,15/12/2011,21:24:17,,,,,N
24R1,1.9379,1.9335,1.9471,1.9727,2.0068,2.0431,2.0741,2.1039,2.1371,2.1775,2.2266,2.2784,2.3304,2.3901,2.4558,2.5179,2.6078,2.7249,2.7936,2.801,2.7764,2.7345,2.6843,2.629,2.5736,2.5215,2.472,2.4284,2.3969,2.3808,2.3794,2.3922,2.417,2.4544,2.5213,2.6586,2.8917,3.1463,8.9,56.6,73.686,CL72C,15/12/2011,21:32:05,,,,,N
23R1,1.9417,1.9536,1.9789,2.0128,2.0524,2.0925,2.1274,2.1612,2.1985,2.2427,2.296,2.3524,2.4095,2.4753,2.5441,2.6006,2.681,2.7927,2.8622,2.874,2.8554,2.8205,2.7776,2.7293,2.6797,2.6322,2.5849,2.5414,2.5089,2.491,2.487,2.4958,2.5169,2.5508,2.6135,2.7461,2.9743,3.2281,30.6,53.5,69.935,CL72C,15/12/2011,21:26:15,,,,,N
15R1,1.9453,1.9531,1.9754,2.0077,2.0468,2.0878,2.1242,2.1581,2.193,2.231,2.2731,2.3149,2.3531,2.3945,2.4496,2.5242,2.6317,2.7524,2.8208,2.8311,2.8092,2.7675,2.7147,2.6563,2.5976,2.5435,2.4961,2.4567,2.4281,2.4116,2.4072,2.4137,2.4288,2.4525,2.5009,2.6128,2.8108,3.0297,9,69.8,89.658,CL914B,15/12/2011,19:45:26,,,,,N
14R1,1.9513,1.9425,1.9546,1.9813,2.0173,2.0558,2.0896,2.1213,2.1547,2.1922,2.2345,2.2769,2.3156,2.3571,2.4119,2.4858,2.5914,2.7095,2.7732,2.7767,2.7483,2.7018,2.6465,2.5873,2.5294,2.4767,2.4309,2.3933,2.3663,2.3514,2.3488,2.3573,2.3751,2.4022,2.4546,2.5694,2.7703,2.9893,10.8,69.1,88.811,CL914B,15/12/2011,19:05:14,,,,,N
21R1,1.9521,1.9487,1.9629,1.99,2.0269,2.066,2.099,2.1295,2.1635,2.2049,2.2553,2.3082,2.3608,2.4211,2.4878,2.5522,2.6462,2.7661,2.835,2.8417,2.8162,2.7736,2.7231,2.668,2.6133,2.5623,2.5141,2.4719,2.4414,2.4259,2.425,2.438,2.4631,2.5008,2.5685,2.7073,2.9415,3.1938,23.5,57.3,74.533,CL72C,15/12/2011,21:13:30,,,,,N
13R2,1.9531,1.9633,1.9862,2.0191,2.0593,2.1012,2.1379,2.1716,2.2058,2.2432,2.2845,2.3255,2.363,2.404,2.4597,2.5363,2.6469,2.7705,2.8394,2.848,2.8239,2.7802,2.7257,2.666,2.6062,2.5512,2.5029,2.463,2.4336,2.4165,2.412,2.4188,2.4345,2.459,2.5093,2.6239,2.8279,3.0531,8.9,70,89.9,CL914B,15/12/2011,20:54:05,,,,,N
13R1,1.9533,1.9395,1.9463,1.9688,2.0018,2.0375,2.0686,2.0976,2.1287,2.1641,2.2046,2.245,2.2815,2.3209,2.3743,2.4478,2.5544,2.6735,2.7395,2.7476,2.7233,2.6786,2.6218,2.5586,2.4952,2.4367,2.3856,2.3439,2.3142,2.2986,2.2968,2.3074,2.3278,2.3576,2.4136,2.5335,2.7399,2.9631,8.9,70,89.9,CL914B,15/12/2011,19:43:15,,,,,N
22R1,1.9569,1.9545,1.9702,1.998,2.0343,2.0725,2.1054,2.1366,2.1711,2.2121,2.2615,2.3138,2.3666,2.427,2.4928,2.5545,2.6432,2.758,2.8253,2.833,2.8094,2.7689,2.7204,2.6672,2.6138,2.5638,2.5162,2.4742,2.4435,2.4275,2.4255,2.4363,2.4587,2.4923,2.5543,2.6853,2.9113,3.1612,25.2,57,74.17,CL72C,15/12/2011,21:17:22,,,,,N
15R2,1.965,1.9528,1.9607,1.9833,2.0163,2.0523,2.0833,2.1119,2.1425,2.1776,2.2181,2.2587,2.2957,2.3368,2.3933,2.4714,2.5853,2.7129,2.7821,2.7872,2.7578,2.7077,2.6465,2.5799,2.5139,2.4537,2.4014,2.359,2.3289,2.3135,2.3126,2.3249,2.3478,2.3808,2.4417,2.57,2.7892,3.0243,9,69.8,89.658,CL914B,15/12/2011,20:55:57,,,,,N
14R2,1.9656,1.9639,1.9795,2.0072,2.0436,2.0825,2.1165,2.1482,2.1814,2.2185,2.2603,2.3019,2.3396,2.3807,2.4365,2.5134,2.6248,2.7502,2.8193,2.8257,2.7985,2.7517,2.6945,2.6324,2.5711,2.515,2.466,2.4258,2.3967,2.3809,2.378,2.3873,2.4065,2.4355,2.4914,2.6133,2.8249,3.0554,10.8,69.1,88.811,CL914B,15/12/2011,20:24:34,,,,,N
21R2,1.9722,1.9714,1.9879,2.0165,2.0534,2.0922,2.1255,2.1571,2.1923,2.2344,2.2854,2.3389,2.3925,2.454,2.5218,2.5869,2.6805,2.8021,2.874,2.8823,2.8576,2.8149,2.7638,2.7078,2.6516,2.5991,2.5493,2.5056,2.4739,2.4576,2.456,2.468,2.4925,2.5293,2.5956,2.7332,2.9685,3.2246,23.5,57.3,74.533,CL72C,15/12/2011,21:15:33,,,,,N
25R1,1.9845,1.9914,2.0128,2.0444,2.0834,2.1241,2.1591,2.1921,2.2282,2.2711,2.3225,2.3762,2.4294,2.4901,2.5579,2.6242,2.7202,2.844,2.918,2.9284,2.9055,2.8643,2.8141,2.7585,2.7025,2.6498,2.5998,2.5556,2.5232,2.506,2.5035,2.5146,2.5384,2.5748,2.6416,2.7802,3.0171,3.2744,23.5,57.7,75.017,CL72C,15/12/2011,21:34:24,,,,,N
25R2,2.0053,2.0197,2.0464,2.0814,2.1227,2.1653,2.2022,2.2372,2.2751,2.3193,2.3718,2.4267,2.4812,2.5435,2.6134,2.6823,2.7813,2.9098,2.9881,3.0004,2.9782,2.9367,2.8857,2.829,2.7714,2.7171,2.6653,2.6194,2.5853,2.5668,2.563,2.5733,2.5959,2.6313,2.6971,2.8362,3.0761,3.3402,23.5,57.7,75.017,CL72C,15/12/2011,21:36:29,,,,,N
19R1,2.0152,1.986,1.9819,1.9983,2.0292,2.0632,2.0907,2.1158,2.1445,2.18,2.2232,2.2686,2.3124,2.3619,2.4243,2.5013,2.6128,2.7423,2.8131,2.817,2.7854,2.7334,2.6708,2.6031,2.5362,2.4749,2.4209,2.3766,2.3459,2.3316,2.3336,2.3501,2.3786,2.4184,2.4875,2.6268,2.8581,3.1003,14.8,65.6,84.576,CL914B,15/12/2011,18:59:07,,,,,N
12R2,2.0168,2.0185,2.0372,2.0674,2.1053,2.1454,2.181,2.2146,2.2496,2.2882,2.3312,2.3739,2.4121,2.4537,2.5104,2.589,2.7029,2.8321,2.9051,2.9143,2.8887,2.8417,2.7826,2.7175,2.6524,2.5925,2.5399,2.4966,2.4654,2.4479,2.444,2.4526,2.4714,2.5004,2.5566,2.6795,2.8952,3.1322,8.9,69.9,89.779,CL914B,15/12/2011,20:51:56,,,,,N
11R2,2.0417,2.0487,2.0711,2.1042,2.145,2.1879,2.2257,2.2609,2.2974,2.3374,2.3818,2.4258,2.4655,2.5085,2.5672,2.6479,2.765,2.8974,2.9721,2.9813,2.9551,2.9074,2.8478,2.7822,2.7168,2.6566,2.6037,2.5601,2.5281,2.5097,2.5049,2.5127,2.5304,2.5584,2.6143,2.7384,2.9572,3.1971,9.2,70.5,90.505,CL914B,15/12/2011,20:49:55,,,,,N
19R2,2.0518,2.0491,2.0642,2.0929,2.1307,2.1706,2.2051,2.2375,2.2722,2.312,2.3581,2.4049,2.4486,2.4971,2.5583,2.6343,2.7444,2.8739,2.9479,2.9572,2.9317,2.886,2.8295,2.7676,2.7059,2.649,2.5981,2.5557,2.5253,2.509,2.5066,2.5173,2.539,2.5715,2.6327,2.763,2.9881,3.2336,14.8,65.6,84.576,CL914B,15/12/2011,20:22:08,,,,,N
11R1,2.0643,2.0747,2.0998,2.1359,2.18,2.2257,2.2663,2.3037,2.342,2.3837,2.4299,2.4753,2.516,2.5595,2.6175,2.6963,2.8103,2.9385,3.0124,3.0261,3.0055,2.9628,2.9068,2.8434,2.779,2.7192,2.6659,2.6216,2.5885,2.5688,2.5625,2.5682,2.5831,2.6077,2.6596,2.779,2.9899,3.2216,9.2,70.5,90.505,CL914B,15/12/2011,19:38:49,,,,,N
18R1,2.0751,2.0941,2.1247,2.1639,2.2085,2.2543,2.2953,2.3344,2.3747,2.4186,2.4674,2.5165,2.5628,2.6134,2.6765,2.7551,2.8673,3.0001,3.0805,3.0972,3.0787,3.0388,2.9867,2.9277,2.8675,2.8111,2.7602,2.7169,2.685,2.6664,2.6606,2.6667,2.6821,2.7073,2.7585,2.878,3.0945,3.3386,12.3,65.8,84.818,CL914B,15/12/2011,19:52:57,,,,,N
20R1,2.1117,2.1375,2.1745,2.2195,2.2707,2.3228,2.3696,2.4135,2.4582,2.5067,2.5603,2.6139,2.6642,2.7183,2.7834,2.8613,2.9714,3.1006,3.179,3.1974,3.1823,3.1469,3.0997,3.0459,2.9908,2.9391,2.8918,2.8512,2.8202,2.8013,2.7941,2.7974,2.8094,2.8307,2.8788,2.9954,3.206,3.4419,14.6,65.5,84.455,CL914B,15/12/2011,19:55:19,,,,,N
20R2,2.1149,2.1422,2.1804,2.226,2.2763,2.3273,2.3732,2.4169,2.4615,2.5097,2.5628,2.616,2.6659,2.7202,2.7865,2.8673,2.9816,3.1163,3.1971,3.2131,3.1941,3.1545,3.1042,3.0479,2.9912,2.9385,2.8906,2.8498,2.8191,2.8006,2.7938,2.7982,2.8116,2.8349,2.8857,3.0059,3.2235,3.4692,14.6,65.5,84.455,CL914B,15/12/2011,21:00:26,,,,,N
18R2,2.1344,2.1391,2.1604,2.1939,2.2357,2.2795,2.3181,2.3546,2.3932,2.4367,2.4863,2.5366,2.584,2.6364,2.7026,2.7854,2.9046,3.0458,3.1288,3.1414,3.1163,3.0689,3.0095,2.9437,2.8776,2.8163,2.7615,2.7154,2.6821,2.6639,2.6605,2.6708,2.6922,2.725,2.7876,2.9229,3.1601,3.4218,12.3,65.8,84.818,CL914B,15/12/2011,21:10:51,,,,,N
16R1,2.161,2.1878,2.2242,2.2682,2.3179,2.3689,2.4141,2.4563,2.4996,2.5472,2.6003,2.6535,2.7033,2.7578,2.8241,2.9033,3.0172,3.1523,3.2338,3.2509,3.2327,3.1933,3.1418,3.0835,3.0243,2.9686,2.9174,2.8734,2.8399,2.8195,2.8121,2.8168,2.8312,2.8563,2.9103,3.0363,3.2608,3.5089,13.7,66,85.06,CL914B,15/12/2011,19:48:02,,,,,N
17R2,2.1721,2.1819,2.207,2.2432,2.2874,2.3336,2.3743,2.4124,2.4524,2.497,2.5481,2.6004,2.6509,2.707,2.7753,2.8565,2.973,3.1123,3.1943,3.207,3.1822,3.1358,3.0779,3.0139,2.9493,2.8892,2.8346,2.788,2.7534,2.7336,2.728,2.7359,2.7543,2.7836,2.8422,2.9752,3.2111,3.4742,18,64.2,82.882,CL914B,15/12/2011,21:02:38,,,,,N
16R2,2.2005,2.2206,2.2539,2.297,2.3473,2.3991,2.4452,2.4882,2.5327,2.5817,2.6365,2.6918,2.7439,2.8009,2.8707,2.9556,3.0765,3.2195,3.3048,3.3206,3.2987,3.2547,3.1988,3.1365,3.0736,3.015,2.962,2.9168,2.8832,2.8634,2.8573,2.8638,2.8808,2.9087,2.9669,3.0992,3.3345,3.5947,13.7,66,85.06,CL914B,15/12/2011,20:58:21,,,,,N
17R1,2.2212,2.2524,2.2946,2.3443,2.3987,2.4539,2.5037,2.5509,2.599,2.6507,2.7079,2.7652,2.8193,2.8779,2.9471,3.0275,3.1407,3.2764,3.3603,3.3803,3.3648,3.3273,3.2774,3.2201,3.1611,3.1054,3.0538,3.0089,2.9744,2.9526,2.9432,2.9449,2.9557,2.9763,3.0249,3.1452,3.365,3.6139,18,64.2,82.882,CL914B,15/12/2011,19:50:33,,,,,N
12R1,1001.90002,1.8649,1.8873,1.9196,1.9591,2,2.0364,2.0699,2.1043,2.1418,2.1832,2.224,2.2605,2.2996,2.3518,2.4227,2.5252,2.6405,2.7069,2.7191,2.7004,2.6618,2.6113,2.5542,2.4962,2.4424,2.3946,2.3547,2.325,2.3074,2.3018,2.3071,2.3206,2.3429,2.3897,2.4973,2.6871,2.8955,8.9,69.9,89.779,CL914B,15/12/2011,19:39:48,,,,,N
50 MIX,2.305,2.3185,2.3361,2.3681,2.4122,2.4583,2.4906,2.5154,2.5478,2.5975,2.669,2.751,2.843,2.9521,3.0445,3.0773,3.146,3.2754,3.3602,3.3744,3.3522,3.3126,3.2664,3.2107,3.1495,3.0853,3.0113,2.9362,2.8757,2.8408,2.83,2.8431,2.8803,2.9399,3.0408,3.2328,3.5462,3.868,47.5,41.25,52.5,50 CL,4/11/2012,2:37:15 PM,,,,,
50YG,2.1719,2.1874,2.2044,2.2344,2.2766,2.3219,2.355,2.3799,2.4086,2.448,2.5001,2.5568,2.6177,2.6915,2.769,2.8335,2.9387,3.0825,3.1688,3.182,3.1561,3.1081,3.0485,2.9798,2.9083,2.8384,2.7683,2.7034,2.6529,2.6241,2.6168,2.6302,2.6621,2.7119,2.7984,2.9687,3.2556,3.5678,31.1,54.3,70.1,50 CL,4/05/2012,12:15:47 PM,,,,,
75BELT,2.2685,2.2697,2.2807,2.31,2.3537,2.402,2.438,2.466,2.4991,2.5449,2.6058,2.6724,2.7433,2.8269,2.9116,2.9784,3.0868,3.2372,3.329,3.344,3.318,3.2691,3.2084,3.1386,3.066,2.9953,2.9244,2.859,2.8091,2.7824,2.7783,2.7954,2.8316,2.8861,2.9776,3.1555,3.4514,3.7642,32,52.75,68.5,CL 75,4/05/2012,2:46:58 PM,,,,,
65LAMBV V,2.0799,2.0704,2.0702,2.0894,2.1224,2.1594,2.1851,2.2035,2.227,2.2622,2.3109,2.3647,2.4228,2.4932,2.5655,2.6202,2.7108,2.8371,2.911,2.92,2.8945,2.8506,2.7978,2.7381,2.677,2.6182,2.5592,2.5049,2.4641,2.4437,2.443,2.4607,2.4956,2.5466,2.6308,2.7914,3.0591,3.352,33.8,52.3,68,50 CL,4/05/2012,12:40:18 PM,,,,,
75BRISK,2.2504,2.2611,2.2752,2.3048,2.3477,2.394,2.4265,2.4506,2.4802,2.5239,2.5846,2.6524,2.7279,2.82,2.9087,2.9686,3.0714,3.223,3.3148,3.3266,3.2971,3.2461,3.1846,3.1143,3.041,2.9685,2.8935,2.823,2.7684,2.7386,2.733,2.7506,2.7899,2.8494,2.9492,3.1389,3.4512,3.7732,36.8,50.3,65.4,CL 75,4/05/2012,10:14:27 AM,,,,,
50LAMBV V,2.0268,2.0315,2.0385,2.0607,2.0946,2.1302,2.153,2.1691,2.1917,2.2296,2.286,2.3513,2.4271,2.5205,2.6011,2.6286,2.6874,2.7976,2.868,2.8794,2.8603,2.8266,2.7867,2.7394,2.6884,2.6358,2.5753,2.5142,2.4662,2.4405,2.4356,2.4508,2.4862,2.5408,2.6313,2.8015,3.0809,3.3848,43.8,43.75,57.4,50 CL,4/05/2012,12:43:34 PM,,,,,
50MIX,2.2673,2.2819,2.3013,2.3355,2.3807,2.4266,2.4588,2.4843,2.5176,2.5684,2.6414,2.7255,2.8226,2.9393,3.0301,3.0414,3.0835,3.1897,3.2613,3.2731,3.2545,3.2223,3.1849,3.1387,3.0867,3.0299,2.9596,2.8857,2.8248,2.7879,2.7738,2.7817,2.8128,2.8663,2.9606,3.1436,3.4484,3.7778,49.7,38.5,48.8,50 CL,4/05/2012,10:50:13 AM,,,,,
