SampleID,Sp1*,Sp2*,Sp3*,Sp4*,Sp5*,Sp6,Sp7,Sp8,Sp9,Sp10,Sp11,Sp12,Sp13,Sp14,Sp15,Sp16,Sp17,Sp18,Sp19,Sp20,Sp21,Sp22,Sp23,Sp24,Sp25,Sp26,Sp27,Sp28,Sp29,Sp30,Sp31,Sp32,Sp33,Sp34*,Sp35*,Sp36*,Sp37*,Sp38*,Cal1,Cal2,Cal3,Cal4,Product,Date,Time,SensTemp,SampTemp,ScanColour,Exclude,Exclude,
50B10A,2.33930,2.35080,2.37110,2.40670,2.45360,2.50150,2.53600,2.56430,2.60080,2.65530,2.73220,2.81990,2.92140,3.04350,3.13800,3.14650,3.18350,3.28630,3.35720,3.36960,3.35220,3.32140,3.28520,3.23980,3.18840,3.13190,3.06140,2.98670,2.92530,2.88820,2.87340,2.88010,2.90960,2.96140,3.05400,3.23800,3.55770,3.95400,51.50000,38.33000,48.50000,37.90000,50CL,7/07/2011,10:14:24,0.00,0.00,65280,N,N,
50B11A,2.04569,2.03828,2.04407,2.06990,2.10697,2.14503,2.17264,2.19475,2.22360,2.26665,2.32680,2.39470,2.47236,2.56298,2.62951,2.63342,2.65830,2.72731,2.77271,2.78004,2.76823,2.74829,2.72546,2.69700,2.66466,2.62903,2.58348,2.53458,2.49439,2.47057,2.46164,2.46714,2.48784,2.52411,2.59069,2.72529,2.95809,3.23461,55.00000,35.70000,45.00000,8.00000,11:17,-1,-177,0.00,0.00,65280,N,N,
50B11B,1.96703,1.95925,1.96388,1.98864,2.02440,2.06113,2.08729,2.10787,2.13479,2.17536,2.23214,2.29643,2.37021,2.45625,2.51959,2.52562,2.55288,2.62116,2.66391,2.66848,2.65457,2.63355,2.61076,2.58362,2.55346,2.52070,2.47896,2.43431,2.39772,2.37631,2.36900,2.37533,2.39612,2.43183,2.49663,2.62698,2.85245,3.11958,55.00000,35.70000,45.00000,8.00000,11:20,-1,-177,0.00,0.00,65280,N,N,
50B13A,2.51520,2.45510,2.43020,2.44200,2.47610,2.51620,2.54350,2.56430,2.59420,2.64210,2.71120,2.60940,2.69490,2.79620,2.88620,2.93050,3.00680,3.13080,3.20100,3.19780,3.15750,3.09950,3.03490,2.96350,2.89070,2.81970,2.74570,2.67620,2.62410,2.59810,2.59690,2.61870,2.66180,2.72380,2.82300,3.01050,3.32930,3.72010,39.60000,47.08000,60.40000,45.70000,50CL,6/28/2011,11:44:12,0.00,0.00,65280,N,N,
50B14A,2.25290,2.26600,2.28460,2.31830,2.36340,2.40990,2.44270,2.46840,2.50150,2.55150,2.62250,2.70450,2.80050,2.91670,3.01130,3.03190,3.08360,3.19740,3.27300,3.28550,3.26550,3.23050,3.18930,3.13930,3.08410,3.02540,2.95530,2.88290,2.82430,2.78990,2.77810,2.78780,2.81960,2.87260,2.96520,3.14820,3.46350,3.83950,39.60000,41.50000,60.40000,41.00000,50CL,6/29/2011,10:25:05,0.00,0.00,65280,Y,Y,
50B15A,2.26480,2.27720,2.29380,2.32520,2.36810,2.41280,2.44440,2.46830,2.49830,2.54260,2.60470,2.67550,2.75650,2.85490,2.94190,2.97920,3.05060,3.17440,3.25230,3.26320,3.23920,3.19770,3.14850,3.09070,3.02890,2.96570,2.89550,2.82570,2.76960,2.73670,2.72590,2.73640,2.76780,2.81900,2.90900,3.08800,3.39670,3.76470,43.60000,44.13000,56.40000,44.30000,50CL,7/05/2011,10:34:01,0.00,0.00,65280,Y,Y,
50B16A,2.36290,2.34340,2.34250,2.36660,2.40710,2.45120,2.48170,2.50530,2.53740,2.58730,2.65890,2.74060,2.83380,2.94590,3.04170,3.07870,3.15170,3.28220,3.36320,3.37100,3.34130,3.29340,3.23780,3.17370,3.10600,3.03750,2.96200,2.88830,2.83110,2.80050,2.79510,2.81320,2.85420,2.91680,3.02000,3.21650,3.54870,3.93930,44.60000,43.43000,55.40000,44.50000,50CL,6/30/2011,12:32:11,0.00,0.00,65280,N,N,
50B16A,2.55740,2.57770,2.60360,2.64480,2.69910,2.75680,2.79980,2.83400,2.87420,2.92930,3.00310,3.08520,3.17660,3.28640,3.39060,3.45330,3.55840,3.72300,3.82780,3.84510,3.81610,3.76230,3.69620,3.61850,3.53620,3.45350,3.36590,3.28210,3.21580,3.17710,3.16510,3.17850,3.21630,3.27690,3.38270,3.59570,3.97770,4.52530,36.70000,49.25000,63.30000,53.00000,50CL,7/04/2011,11:01:08,0.00,0.00,65280,N,N,
50B17A,2.40011,2.41412,2.43598,2.47438,2.52461,2.57624,2.61353,2.64326,2.68021,2.73346,2.80726,2.89187,2.98877,3.10375,3.19808,3.22448,3.28389,3.40293,3.47931,3.48958,3.46673,3.42918,3.38637,3.33587,3.28090,3.22298,3.15435,3.08361,3.02603,2.99145,2.97876,2.98728,3.01751,3.06852,3.15984,3.34097,3.64748,3.98427,14.80000,40.93000,85.20000,7.00000,1:36,-1,-173,0.00,0.00,65280,Y,Y,
50B17B,2.36241,2.37052,2.38900,2.42521,2.47344,2.52324,2.55945,2.58848,2.62482,2.67731,2.74997,2.83352,2.92902,3.04195,3.13387,3.15784,3.21293,3.32638,3.39938,3.40917,3.38722,3.35136,3.31080,3.26282,3.21053,3.15523,3.08953,3.02162,2.96658,2.93388,2.92202,2.93066,2.95985,3.00906,3.09680,3.27208,3.56990,3.90337,14.80000,40.93000,85.20000,7.00000,1:39,-1,-177,0.00,0.00,65280,Y,Y,
50B18A,2.06029,2.06857,2.08167,2.10948,2.14753,2.18591,2.21182,2.23165,2.25950,2.30463,2.37091,2.44773,2.53805,2.64695,2.72695,2.72638,2.75329,2.83964,2.89935,2.91118,2.89898,2.87664,2.85087,2.81755,2.77875,2.73501,2.67781,2.61621,2.56586,2.53664,2.52682,2.53595,2.56500,2.61369,2.69846,2.86254,3.13794,3.44997,54.50000,36.13000,45.50000,8.00000,11:54,-1,-169,0.00,0.00,65280,N,N,
50B18B,1.97306,1.97856,1.98915,2.01502,2.05106,2.08750,2.11158,2.12947,2.15496,2.19673,2.25862,2.33032,2.41488,2.51687,2.59186,2.59414,2.62395,2.70815,2.76338,2.77115,2.75604,2.73225,2.70627,2.67452,2.63860,2.59871,2.54691,2.49126,2.44608,2.42032,2.41270,2.42283,2.45173,2.49933,2.58112,2.73924,3.00357,3.30457,54.50000,36.13000,45.50000,8.00000,11:57,-1,-177,0.00,0.00,65280,Y,Y,
50B19A,2.29070,2.25830,2.24910,2.26900,2.30520,2.34340,2.36880,2.38860,2.41770,2.46500,2.53440,2.61510,2.70950,2.82330,2.91260,2.92740,2.97110,3.07150,3.13160,3.13070,3.10050,3.05870,3.01390,2.96330,2.91000,2.85490,2.79000,2.72400,2.67210,2.64410,2.63830,2.65360,2.69010,2.74700,2.84140,3.02180,3.32670,3.68570,48.45000,40.55000,51.55000,37.50000,50CL,7/06/2011,12:23:14,0.00,0.00,65280,N,N,
50B22A,2.20486,2.21295,2.22960,2.26241,2.30622,2.35129,2.38332,2.40867,2.44104,2.48913,2.55682,2.63471,2.72448,2.83229,2.91923,2.93627,2.97992,3.07978,3.14489,3.15346,3.13391,3.10249,3.06722,3.02519,2.97908,2.93008,2.87021,2.80750,2.75643,2.72625,2.71534,2.72307,2.75036,2.79644,2.87883,3.04290,3.32339,3.63966,49.20000,40.00000,50.80000,25.00000,11:13,-1,-170,0.00,0.00,65280,Y,Y,
50B22A,2.37790,2.39450,2.41600,2.45230,2.49990,2.54890,2.58400,2.61180,2.64670,2.69810,2.77010,2.85250,2.94650,3.05920,3.15310,3.17900,3.23790,3.35920,3.43980,3.45410,3.43350,3.39590,3.35090,3.29580,3.23520,3.17100,3.09590,3.01900,2.95610,2.91810,2.90340,2.91150,2.94260,2.99580,3.09090,3.28120,3.61190,4.02320,47.30000,41.43000,52.70000,42.30000,50CL,7/04/2011,2:09:52,0.00,0.00,65280,N,N,
50B22B,2.10205,2.10743,2.12129,2.15171,2.19309,2.23554,2.26526,2.28818,2.31788,2.36239,2.42538,2.49798,2.58189,2.68266,2.76402,2.78235,2.82723,2.92354,2.98356,2.98869,2.96722,2.93532,2.90093,2.86135,2.81879,2.77411,2.71993,2.66329,2.61743,2.59085,2.58215,2.59091,2.61789,2.66265,2.74197,2.89922,3.16744,3.47312,49.20000,40.00000,50.80000,25.00000,11:16,-1,-177,0.00,0.00,65280,Y,Y,
50B25A,2.58420,2.60480,2.63320,2.67590,2.72960,2.78500,2.82640,2.86030,2.90130,2.95840,3.03600,3.12410,3.22410,3.34380,3.44410,3.47240,3.53220,3.65720,3.74040,3.75280,3.72840,3.68630,3.63690,3.57750,3.51230,3.44350,3.36330,3.28070,3.21250,3.16960,3.15070,3.15450,3.18220,3.23310,3.32810,3.52450,3.88220,4.39250,47.00000,41.55000,53.00000,42.60000,50CL,7/07/2011,2:12:49,0.00,0.00,65280,N,N,
50B27A,2.32383,2.32763,2.34172,2.37525,2.42239,2.47203,2.50763,2.53562,2.57091,2.62258,2.69428,2.77565,2.86897,2.98133,3.07743,3.11548,3.19063,3.32331,3.40754,3.42037,3.39608,3.35331,3.30216,3.24121,3.17581,3.10863,3.03373,2.95958,2.90090,2.86774,2.85842,2.87187,2.90708,2.96254,3.05830,3.24369,3.55211,3.86815,42.10000,45.75000,57.90000,26.00000,1:30,-1,-168,0.00,0.00,65280,N,N,
50B27B,2.18880,2.18930,2.19982,2.23027,2.27423,2.32036,2.35265,2.37719,2.40853,2.45522,2.52057,2.59499,2.68082,2.78432,2.87337,2.91154,2.98570,3.11099,3.18609,3.19237,3.16446,3.12099,3.07183,3.01567,2.95682,2.89725,2.83122,2.76618,2.71490,2.68660,2.67986,2.69387,2.72810,2.78120,2.87237,3.04897,3.34376,3.65433,42.10000,45.75000,57.90000,26.00000,1:33,-1,-177,0.00,0.00,65280,N,N,
50B33A,2.46036,2.47549,2.49622,2.53283,2.58242,2.63430,2.67040,2.69835,2.73456,2.78924,2.86730,2.95747,3.06216,3.18948,3.29732,3.33364,3.40893,3.55335,3.64694,3.65883,3.62929,3.58032,3.52322,3.45568,3.38285,3.30680,3.21988,3.13268,3.06262,3.02160,3.00815,3.02121,3.06076,3.12450,3.23328,3.44023,3.77797,4.09877,44.80000,43.20000,55.20000,25.00000,1:40,-1,-168,0.00,0.00,65280,N,N,
50B33B,2.60775,2.62566,2.64981,2.69069,2.74572,2.80296,2.84331,2.87492,2.91542,2.97586,3.06162,3.16053,3.27498,3.41421,3.53368,3.57597,3.66022,3.82061,3.92515,3.93768,3.90395,3.84854,3.78416,3.70835,3.62691,3.54194,3.44537,3.34893,3.27141,3.22573,3.21049,3.22430,3.26724,3.33671,3.45428,3.67746,4.03587,4.34568,44.80000,43.20000,55.20000,25.00000,1:43,-1,-177,0.00,0.00,65280,Y,Y,
50B8A,2.52441,2.49958,2.49815,2.52440,2.56759,2.61464,2.64839,2.67533,2.70995,2.76074,2.83113,2.91112,3.00087,3.10687,3.19927,3.23941,3.31384,3.44004,3.51496,3.51851,3.48536,3.43453,3.37640,3.31058,3.24222,3.17393,3.10001,3.02830,2.97235,2.94141,2.93393,2.94867,2.98462,3.04038,3.13560,3.32066,3.63074,3.96805,42.50000,44.95000,57.50000,7.00000,10:28,-1,-170,0.00,0.00,65280,N,N,
50B8B,2.54790,2.51992,2.51623,2.54108,2.58389,2.63086,2.66440,2.69108,2.72563,2.77682,2.84815,2.92980,3.02178,3.13022,3.22477,3.26687,3.34453,3.47461,3.55185,3.55568,3.52173,3.46946,3.40957,3.34148,3.27077,3.20014,3.12394,3.05030,2.99320,2.96193,2.95500,2.97104,3.00838,3.06543,3.16230,3.35000,3.66339,4.00198,42.50000,44.95000,57.50000,7.00000,10:31,-1,-173,0.00,0.00,65280,N,N,
50BC,2.14465,2.13316,2.13541,2.15788,2.19384,2.23269,2.25995,2.28097,2.30869,2.35077,2.40977,2.47614,2.55126,2.64217,2.72216,2.75379,2.81358,2.91961,2.98496,2.99237,2.96995,2.93320,2.89047,2.84125,2.78986,2.73864,2.68154,2.62534,2.58186,2.55908,2.55550,2.56982,2.60199,2.65153,2.73460,2.89470,3.16381,3.46519,46.15000,42.25000,53.85000,14.00000,11:58,-1,-177,0.00,0.00,65280,Y,Y,
50C17A,2.56760,2.53640,2.53050,2.55450,2.59690,2.64410,2.67840,2.70540,2.73970,2.78930,2.85710,2.93360,3.01860,3.11860,3.21150,3.26830,3.36210,3.50220,3.58290,3.58590,3.54890,3.49200,3.42710,3.35500,3.28150,3.21040,3.13730,3.06900,3.01670,2.98830,2.98300,2.99950,3.03610,3.09150,3.18640,3.37620,3.71240,4.16140,38.75000,47.80000,61.25000,49.60000,50CL,6/28/2011,12:05:25,0.00,0.00,65280,Y,Y,
50C20A,2.53570,2.54800,2.57010,2.60930,2.66100,2.71560,2.75770,2.79250,2.83350,2.88890,2.96240,3.04340,3.13270,3.23770,3.33040,3.37320,3.45000,3.57990,3.66360,3.67880,3.65790,3.61850,3.57060,3.51350,3.45230,3.38940,3.31940,3.24960,3.19300,3.15840,3.14450,3.15070,3.17700,3.22330,3.31020,3.49290,3.82510,4.29640,44.35000,42.40000,55.65000,48.60000,50CL,6/29/2011,2:25:40,0.00,0.00,65280,Y,Y,
50C24A,2.40980,2.43090,2.45770,2.49840,2.54960,2.60220,2.64140,2.67320,2.71140,2.76480,2.83760,2.92050,3.01510,3.12750,3.22100,3.24840,3.30620,3.42370,3.50210,3.51560,3.49520,3.45800,3.41360,3.35960,3.29980,3.23650,3.16270,3.08660,3.02390,2.98460,2.96750,2.97170,2.99770,3.04480,3.13270,3.31440,3.63780,4.05460,47.10000,41.58000,52.90000,42.10000,50CL,7/06/2011,12:44:27,0.00,0.00,65280,N,N,
50C30A,2.43240,2.41620,2.42150,2.45150,2.49760,2.54880,2.58910,2.62210,2.65910,2.70610,2.76430,2.82620,2.89020,2.96350,3.04200,3.11580,3.22750,3.36810,3.44730,3.45440,3.42300,3.37030,3.30710,3.23720,3.16680,3.10060,3.03760,2.98170,2.93930,2.91600,2.91120,2.92360,2.95110,2.99260,3.06770,3.22530,3.50950,3.86430,26.95000,56.53000,73.05000,54.40000,50CL,7/07/2011,2:39:30,0.00,0.00,65280,Y,Y,
50COW11A,2.22881,2.22551,2.23643,2.26848,2.31406,2.36330,2.40114,2.43111,2.46498,2.50870,2.56397,2.62317,2.68522,2.75686,2.83084,2.89494,2.99454,3.12322,3.19709,3.20629,3.18115,3.13732,3.08457,3.02578,2.96614,2.90950,2.85412,2.80393,2.76541,2.74421,2.73975,2.75084,2.77617,2.81472,2.88435,3.02946,3.28212,3.56599,28.60000,55.20000,71.40000,25.00000,10:08,-1,-177,0.00,0.00,65280,Y,Y,
50COW11B,2.13343,2.12856,2.13735,2.16727,2.21063,2.25745,2.29276,2.32017,2.35133,2.39209,2.44390,2.49967,2.55843,2.62663,2.69753,2.76028,2.85785,2.98199,3.05076,3.05629,3.02906,2.98503,2.93377,2.87789,2.82212,2.76968,2.71882,2.67294,2.63809,2.61934,2.61648,2.62831,2.65362,2.69190,2.76012,2.90091,3.14604,3.42286,28.60000,55.20000,71.40000,25.00000,10:12,-1,-170,0.00,0.00,65280,Y,Y,
50C5A,2.19340,2.21370,2.23650,2.27370,2.32120,2.37050,2.40750,2.43720,2.47240,2.52100,2.58610,2.65730,2.73610,2.82910,2.90910,2.94310,3.00940,3.12330,3.19840,3.21630,3.20290,3.17200,3.13170,3.08160,3.02610,2.96810,2.90280,2.83720,2.78370,2.75120,2.73860,2.74520,2.77050,2.81460,2.89490,3.05700,3.33250,3.63760,42.05000,45.25000,57.95000,44.20000,50CL,7/11/2011,8:31:53,57.95,45.45,45,N,N,
50C20A,2.37740,2.39390,2.41560,2.45100,2.49780,2.54690,2.58270,2.61120,2.64640,2.69700,2.76710,2.84640,2.93610,3.04300,3.13460,3.17100,3.24220,3.37120,3.45430,3.46660,3.44220,3.39970,3.34930,3.28960,3.22470,3.15750,3.08180,3.00590,2.94440,2.90720,2.89320,2.90210,2.93340,2.98640,3.08030,3.26600,3.58010,3.92820,44.80000,43.27500,55.20000,39.50000,50,7/15/2011,11:58:32,55.20,43.50,43,N,N,
50C15A,2.38860,2.40060,2.41860,2.45310,2.50090,2.55160,2.58800,2.61700,2.65310,2.70580,2.77880,2.86280,2.95810,3.07220,3.17440,3.22030,3.30250,3.44550,3.53960,3.55740,3.53490,3.49160,3.43850,3.37460,3.30550,3.23450,3.15560,3.07720,3.01500,2.97950,2.96910,2.98290,3.01960,3.07770,3.17700,3.36900,3.68860,4.02360,42.55000,44.90000,57.45000,48.60000,50CL,7/12/2011,9:57:46,57.45,45.00,44,N,N,
50C13A,2.52840,2.51210,2.51810,2.54900,2.59540,2.64590,2.68470,2.71760,2.75770,2.81290,2.88630,2.96710,3.05540,3.15730,3.24620,3.28750,3.35940,3.47980,3.55470,3.56420,3.54000,3.49890,3.45020,3.39400,3.33480,3.27550,3.21080,3.14740,3.09760,3.06970,3.06190,3.07350,3.10320,3.15130,3.23550,3.40410,3.69440,4.02220,42.45000,45.05000,57.55000,44.20000,50,7/13/2011,11:56:55,57.55,45.25,44,N,N,
50B32A,2.17480,2.18770,2.20360,2.23330,2.27470,2.31890,2.35030,2.37420,2.40370,2.44660,2.50580,2.57260,2.64720,2.73730,2.82290,2.87360,2.96080,3.09680,3.18150,3.19420,3.16910,3.12430,3.06990,3.00680,2.93990,2.87260,2.80100,2.73160,2.67680,2.64570,2.63740,2.65110,2.68590,2.74040,2.83300,3.01150,3.30910,3.63040,59.15000,47.50000,40.85000,47.50000,50CL,7/12/2011,2:26:20,40.85,47.55,47,Y,Y,
50B23A,2.23370,2.24990,2.27000,2.30490,2.35010,2.39540,2.42720,2.45210,2.48460,2.53410,2.60500,2.68680,2.78240,2.89790,2.98660,2.99080,3.02320,3.11830,3.18370,3.19590,3.18060,3.15290,3.12030,3.07860,3.03090,2.97780,2.91050,2.83830,2.77820,2.74130,2.72550,2.73040,2.75720,2.80540,2.89260,3.06540,3.35730,3.68050,51.50000,38.32500,48.50000,36.00000,50CL,7/11/2011,2:01:23,48.50,37.85,38,N,N,
50B23A,2.14270,2.15040,2.16550,2.19570,2.23600,2.27700,2.30530,2.32750,2.35690,2.40220,2.46740,2.54300,2.63100,2.73710,2.81830,2.82280,2.85210,2.93880,2.99550,3.00110,2.98190,2.95330,2.92250,2.88570,2.84440,2.79920,2.74130,2.67880,2.62720,2.59590,2.58330,2.58930,2.61510,2.66060,2.74220,2.90380,3.17900,3.49550,54.15000,36.37500,45.85000,36.60000,50,7/14/2011,12:17:49,45.85,36.60,36,N,N,
50B22A,2.23890,2.25090,2.26720,2.29890,2.34250,2.38740,2.41820,2.44190,2.47310,2.52160,2.59130,2.67160,2.76500,2.87920,2.97400,2.99970,3.05940,3.18050,3.25940,3.27180,3.25020,3.21290,3.16900,3.11630,3.05900,2.99870,2.92800,2.85600,2.79850,2.76570,2.75610,2.76910,2.80470,2.86180,2.95900,3.14560,3.45420,3.78520,46.20000,42.20000,53.80000,42.90000,50CL,7/12/2011,10:51:43,53.80,41.90,42,N,N,
50B20A,2.34800,2.36130,2.38370,2.42150,2.47080,2.52140,2.55870,2.58910,2.62710,2.68210,2.75850,2.84510,2.94440,3.06320,3.15810,3.17750,3.22760,3.34010,3.41530,3.42780,3.40840,3.37450,3.33500,3.28710,3.23410,3.17740,3.10900,3.03790,2.98020,2.94570,2.93270,2.94050,2.96970,3.02000,3.10980,3.28800,3.59110,3.92870,48.80000,40.30000,51.20000,40.50000,50,7/13/2011,12:19:23,51.20,40.10,40,N,N,
50B15A,2.30630,2.32390,2.34600,2.38210,2.42970,2.47920,2.51480,2.54230,2.57610,2.62460,2.69200,2.76920,2.85790,2.96480,3.05810,3.09600,3.16810,3.29650,3.37800,3.38850,3.36290,3.32010,3.27070,3.21300,3.15120,3.08780,3.01620,2.94450,2.88660,2.85240,2.84050,2.85040,2.88160,2.93320,3.02450,3.20500,3.51190,3.85020,44.00000,43.87500,56.00000,45.20000,50,7/15/2011,10:34:09,56.00,43.60,44,N,N,
50BMIX34A,1.98310,1.98970,1.99960,2.02380,2.05900,2.09640,2.12210,2.14110,2.16630,2.20550,2.26190,2.32570,2.39710,2.48270,2.55790,2.58990,2.65260,2.76210,2.83240,2.84540,2.82800,2.79510,2.75520,2.70750,2.65560,2.60250,2.54270,2.48300,2.43570,2.40940,2.40320,2.41650,2.44900,2.50000,2.58550,2.74900,3.01950,3.31880,45.10000,43.00000,54.90000,46.00000,CL,7/20/2011,2:29:32,0.00,0.00,65280,N,N,
50MIX34B,1.94350,1.94950,1.95920,1.98300,2.01750,2.05410,2.07890,2.09700,2.12110,2.15860,2.21250,2.27420,2.34460,2.42920,2.50220,2.53140,2.59080,2.69570,2.76150,2.77150,2.75260,2.71990,2.68150,2.63640,2.58790,2.53810,2.48190,2.42540,2.38060,2.35570,2.34980,2.36250,2.39360,2.44220,2.52450,2.68250,2.94680,3.24260,45.10000,43.00000,54.90000,45.60000,CL,7/20/2011,2:31:32,0.00,0.00,65280,N,N,
50COW20B,2.23660,2.25290,2.27250,2.30640,2.35070,2.39650,2.42990,2.45580,2.48760,2.53340,2.59650,2.66690,2.74600,2.84060,2.92090,2.94910,3.00820,3.11780,3.18860,3.20120,3.18290,3.14890,3.10730,3.05680,3.00180,2.94420,2.87810,2.81090,2.75560,2.72190,2.70860,2.71510,2.74190,2.78850,2.87310,3.04110,3.32450,3.64040,44.80000,43.25000,55.20000,41.60000,CL,7/21/2011,10:55:29,55.20,43.50,43,N,N,
50COW20A,2.25690,2.27340,2.29320,2.32740,2.37240,2.41890,2.45260,2.47880,2.51100,2.55720,2.62090,2.69280,2.77470,2.87300,2.95680,2.98710,3.04890,3.16280,3.23620,3.24850,3.22850,3.19210,3.14810,3.09530,3.03790,2.97800,2.90970,2.84040,2.78360,2.74900,2.73540,2.74220,2.76930,2.81590,2.90060,3.07010,3.35840,3.67970,44.80000,43.25000,55.20000,42.10000,CL,7/21/2011,10:52:53,55.20,43.50,43,N,N,
50BMIX34A,1.98310,1.98970,1.99960,2.02380,2.05900,2.09640,2.12210,2.14110,2.16630,2.20550,2.26190,2.32570,2.39710,2.48270,2.55790,2.58990,2.65260,2.76210,2.83240,2.84540,2.82800,2.79510,2.75520,2.70750,2.65560,2.60250,2.54270,2.48300,2.43570,2.40940,2.40320,2.41650,2.44900,2.50000,2.58550,2.74900,3.01950,3.31880,45.10000,43.00000,54.90000,46.00000,CL,7/20/2011,2:29:32,54.90,43.00,43,N,N,
50B35B,1.73160,1.73350,1.73960,1.76050,1.79060,1.82150,1.84200,1.85680,1.87740,1.91090,1.95990,2.01640,2.08260,2.16280,2.22340,2.22490,2.24450,2.30650,2.34910,2.35830,2.35030,2.33480,2.31640,2.29240,2.26450,2.23340,2.19240,2.14780,2.11120,2.09040,2.08410,2.09160,2.11410,2.15140,2.21650,2.34370,2.55830,2.80990,52.60000,37.50000,47.40000,36.60000,CL,7/21/2011,1:25:05,47.40,37.50,37,N,N,
50B35B,1.77880,1.77850,1.78340,1.80450,1.83550,1.86720,1.88830,1.90340,1.92480,1.95990,2.01140,2.07000,2.13780,2.21990,2.28180,2.28450,2.30810,2.37530,2.42050,2.42980,2.42060,2.40330,2.38260,2.35600,2.32560,2.29200,2.24870,2.20220,2.16430,2.14300,2.13700,2.14560,2.17000,2.21020,2.27990,2.41420,2.63870,2.89960,52.60000,37.50000,47.40000,37.00000,CL,7/21/2011,1:27:34,47.40,37.50,37,N,N,
50B35A,1.74090,1.74120,1.74690,1.76740,1.79710,1.82770,1.84830,1.86360,1.88500,1.91950,1.97010,2.02760,2.09420,2.17460,2.23540,2.23630,2.25550,2.31800,2.36130,2.37070,2.36270,2.34690,2.32820,2.30370,2.27530,2.24360,2.20200,2.15680,2.11990,2.09900,2.09280,2.10070,2.12400,2.16280,2.23000,2.35980,2.57670,2.83110,52.60000,37.50000,47.40000,36.70000,CL,7/21/2011,1:23:13,47.40,37.50,37,N,N,
50B34B,1.74350,1.74650,1.75350,1.77370,1.80220,1.83050,1.84870,1.86200,1.88280,1.91920,1.97480,2.03990,2.11780,2.21260,2.27670,2.25580,2.25030,2.29850,2.33690,2.34660,2.34240,2.33370,2.32420,2.30890,2.28810,2.26160,2.22020,2.17150,2.13080,2.10700,2.09840,2.10430,2.12690,2.16660,2.23560,2.36830,2.59080,2.85400,60.70000,31.50000,39.30000,31.50000,CL,7/21/2011,1:20:47,39.30,31.00,32,N,N,
50B34A,1.73510,1.73790,1.74430,1.76540,1.79480,1.82330,1.84110,1.85410,1.87480,1.91170,1.96830,2.03410,2.11260,2.20810,2.27050,2.24380,2.23280,2.27660,2.31220,2.32160,2.31880,2.31250,2.30600,2.29360,2.27570,2.25160,2.21150,2.16360,2.12310,2.09930,2.09030,2.09580,2.11840,2.15850,2.22860,2.36200,2.58400,2.84630,60.70000,31.50000,39.30000,30.40000,CL,7/21/2011,1:18:25,39.30,31.00,32,N,N,
50B20A,2.22220,2.20640,2.20590,2.22860,2.26610,2.30620,2.33310,2.35330,2.38190,2.42810,2.49540,2.57300,2.66330,2.77240,2.86050,2.88340,2.93870,3.04920,3.11780,3.12380,3.09870,3.05960,3.01530,2.96400,2.90940,2.85310,2.78810,2.72270,2.67150,2.64420,2.63910,2.65510,2.69200,2.74870,2.84290,3.02150,3.31680,3.63750,100.00000,0.00000,0.00000,40.60000,50,7/20/2011,12:17:23,0.00,0.00,65280,Y,Y,
50B19A,2.49250,2.51570,2.54460,2.58670,2.63980,2.69510,2.73690,2.77110,2.81230,2.86980,2.94790,3.03600,3.13510,3.25310,3.35370,3.38880,3.45750,3.59070,3.68180,3.70070,3.68110,3.64180,3.59260,3.53230,3.46540,3.39490,3.31400,3.23170,3.16450,3.12350,3.10690,3.11390,3.14440,3.19700,3.29200,3.48080,3.79880,4.13700,45.25000,42.90000,54.75000,41.50000,50,7/18/2011,12:05:51,54.75,43.00,42,N,N,
50B19A,2.31260,2.32830,2.34980,2.38570,2.43240,2.48000,2.51370,2.54060,2.57540,2.62780,2.70230,2.78900,2.89040,3.01330,3.11170,3.12500,3.16630,3.27430,3.34920,3.36330,3.34610,3.31460,3.27740,3.23080,3.17820,3.12110,3.05050,2.97590,2.91500,2.87860,2.86460,2.87200,2.90180,2.95240,3.04250,3.22050,3.52140,3.85360,49.50000,39.82500,50.50000,42.10000,50,7/19/2011,12:21:03,50.50,39.20,40,N,N,
50B19A,2.36060,2.32380,2.31150,2.32840,2.36380,2.40300,2.42840,2.44780,2.47720,2.52690,2.60100,2.68780,2.78940,2.91240,3.01190,3.03660,3.09500,3.21550,3.29010,3.29370,3.26180,3.21400,3.16070,3.09930,3.03460,2.96820,2.89240,2.81700,2.75910,2.72920,2.72560,2.74660,2.79140,2.85780,2.96460,3.16150,3.48220,3.81820,45.70000,42.65000,54.30000,37.50000,50,7/20/2011,12:10:20,54.30,42.65,42,N,N,
50B15B,2.03820,2.04800,2.06170,2.08840,2.12410,2.15970,2.18330,2.20160,2.22790,2.27170,2.33700,2.41310,2.50280,2.61170,2.68930,2.67530,2.68280,2.75220,2.80330,2.81320,2.80270,2.78450,2.76400,2.73630,2.70250,2.66250,2.60620,2.54290,2.48970,2.45730,2.44380,2.44880,2.47470,2.52140,2.60390,2.76310,3.02950,3.33470,59.00000,32.75000,41.00000,32.40000,CL,7/21/2011,8:26:03,41.00,33.50,32,N,N,
50B15A,2.08950,2.09960,2.11370,2.14140,2.17840,2.21500,2.23920,2.25800,2.28510,2.33010,2.39740,2.47600,2.56910,2.68230,2.76210,2.74520,2.75070,2.82030,2.87190,2.88200,2.87170,2.85370,2.83360,2.80570,2.77150,2.73050,2.67230,2.60650,2.55120,2.51740,2.50280,2.50750,2.53340,2.58080,2.66510,2.82830,3.10110,3.41130,59.00000,32.75000,41.00000,31.50000,CL,7/21/2011,8:21:55,41.00,33.50,32,N,N,
5024A,2.49150,2.51020,2.53400,2.57220,2.62200,2.67410,2.71250,2.74340,2.78060,2.83350,2.90580,2.98790,3.08150,3.19360,3.29060,3.32700,3.39710,3.52780,3.61430,3.62980,3.60770,3.56610,3.51510,3.45340,3.38610,3.31610,3.23680,3.15690,3.09190,3.05200,3.03600,3.04260,3.07210,3.12310,3.21570,3.40080,3.71580,4.05820,44.10000,43.75000,55.90000,44.60000,50,7/18/2011,12:24:59,55.90,43.90,43,N,N,
27R2,1.70740,1.72520,1.74810,1.77490,1.80510,1.83470,1.85950,1.88350,1.91140,1.94750,1.99420,2.04570,2.10200,2.16940,2.22940,2.25790,2.30400,2.38540,2.43890,2.44900,2.43710,2.41440,2.38710,2.35500,2.32030,2.28480,2.24470,2.20480,2.17380,2.15620,2.15120,2.15860,2.17850,2.21130,2.27180,2.39510,2.60460,2.84210,42.30000,44.60000,59.16600,0.00000,20/01/2012,18:16:43,N,0.00,0.00,65280,N,N,
27R2,1.70740,1.72520,1.74810,1.77490,1.80510,1.83470,1.85950,1.88350,1.91140,1.94750,1.99420,2.04570,2.10200,2.16940,2.22940,2.25790,2.30400,2.38540,2.43890,2.44900,2.43710,2.41440,2.38710,2.35500,2.32030,2.28480,2.24470,2.20480,2.17380,2.15620,2.15120,2.15860,2.17850,2.21130,2.27180,2.39510,2.60460,2.84210,42.30000,44.60000,59.16600,0.00000,20/01/2012,18:16:43,N,0.00,0.00,65280,N,N,
27R1,1.72680,1.74520,1.76890,1.79650,1.82750,1.85790,1.88340,1.90820,1.93710,1.97420,2.02210,2.07450,2.13100,2.19840,2.25960,2.29040,2.33920,2.42350,2.47900,2.48980,2.47780,2.45440,2.42590,2.39240,2.35630,2.31950,2.27840,2.23740,2.20580,2.18780,2.18290,2.19060,2.21140,2.24570,2.30870,2.43580,2.65060,2.89130,44.70000,44.10000,58.56100,0.00000,20/01/2012,18:12:32,N,0.00,0.00,65280,N,N,
27R1,1.72680,1.74520,1.76890,1.79650,1.82750,1.85790,1.88340,1.90820,1.93710,1.97420,2.02210,2.07450,2.13100,2.19840,2.25960,2.29040,2.33920,2.42350,2.47900,2.48980,2.47780,2.45440,2.42590,2.39240,2.35630,2.31950,2.27840,2.23740,2.20580,2.18780,2.18290,2.19060,2.21140,2.24570,2.30870,2.43580,2.65060,2.89130,44.70000,44.10000,58.56100,0.00000,20/01/2012,18:12:32,N,0.00,0.00,65280,N,N,
31R2,1.72870,1.73780,1.75520,1.77920,1.80920,1.83900,1.86330,1.88610,1.91350,1.95060,2.00010,2.05470,2.11480,2.18640,2.24760,2.27140,2.31280,2.39080,2.44110,2.44890,2.43560,2.41250,2.38550,2.35400,2.32000,2.28490,2.24450,2.20380,2.17220,2.15460,2.15040,2.15930,2.18170,2.21800,2.28350,2.41410,2.63120,2.87290,44.40000,43.10000,57.35100,0.00000,20/01/2012,18:44:31,N,0.00,0.00,65280,N,N,
31R2,1.72870,1.73780,1.75520,1.77920,1.80920,1.83900,1.86330,1.88610,1.91350,1.95060,2.00010,2.05470,2.11480,2.18640,2.24760,2.27140,2.31280,2.39080,2.44110,2.44890,2.43560,2.41250,2.38550,2.35400,2.32000,2.28490,2.24450,2.20380,2.17220,2.15460,2.15040,2.15930,2.18170,2.21800,2.28350,2.41410,2.63120,2.87290,44.40000,43.10000,57.35100,0.00000,20/01/2012,18:44:31,N,0.00,0.00,65280,N,N,
29R1,1.73690,1.75410,1.77650,1.80400,1.83660,1.86850,1.89440,1.91850,1.94700,1.98500,2.03560,2.09170,2.15390,2.22860,2.29240,2.31650,2.35890,2.44010,2.49310,2.50180,2.48870,2.46570,2.43880,2.40740,2.37340,2.33800,2.29660,2.25440,2.22110,2.20190,2.19620,2.20380,2.22500,2.26050,2.32600,2.45810,2.67960,2.92830,47.70000,39.30000,52.75300,0.00000,20/01/2012,18:31:02,N,0.00,0.00,65280,Y,Y,
29R1,1.73690,1.75410,1.77650,1.80400,1.83660,1.86850,1.89440,1.91850,1.94700,1.98500,2.03560,2.09170,2.15390,2.22860,2.29240,2.31650,2.35890,2.44010,2.49310,2.50180,2.48870,2.46570,2.43880,2.40740,2.37340,2.33800,2.29660,2.25440,2.22110,2.20190,2.19620,2.20380,2.22500,2.26050,2.32600,2.45810,2.67960,2.92830,47.70000,39.30000,52.75300,0.00000,20/01/2012,18:31:02,N,0.00,0.00,65280,Y,Y,
3R1,1.74200,1.76980,1.80380,1.84270,1.88560,1.92900,1.96790,2.00390,2.03960,2.07690,2.11620,2.15400,2.18700,2.22180,2.27150,2.34460,2.44910,2.56240,2.62660,2.63860,2.62200,2.58840,2.54560,2.49860,2.45200,2.40970,2.37320,2.34350,2.32160,2.30850,2.30420,2.30800,2.31820,2.33540,2.37470,2.46850,2.63890,2.82680,3.40000,72.80000,93.28800,0.00000,15/12/2011,19:21:24,N,0.00,0.00,65280,Y,Y,
7R1,1.74230,1.76170,1.79000,1.82420,1.86290,1.90270,1.93880,1.97260,2.00670,2.04260,2.08090,2.11770,2.14970,2.18330,2.23170,2.30320,2.40630,2.51880,2.58390,2.59740,2.58210,2.54890,2.50530,2.45650,2.40760,2.36270,2.32390,2.29260,2.26990,2.25700,2.25360,2.25900,2.27150,2.29100,2.33280,2.42970,2.60270,2.79420,3.40000,73.70000,94.37700,0.00000,15/12/2011,19:30:50,N,0.00,0.00,65280,Y,Y,
4R1,1.75360,1.77560,1.80580,1.84210,1.88320,1.92540,1.96350,1.99870,2.03390,2.07090,2.11020,2.14790,2.18060,2.21470,2.26260,2.33290,2.43340,2.54200,2.60490,2.61910,2.60570,2.57500,2.53410,2.48810,2.44190,2.39960,2.36300,2.33320,2.31110,2.29800,2.29380,2.29780,2.30800,2.32520,2.36340,2.45590,2.62230,2.80560,3.10000,73.60000,94.25600,0.00000,15/12/2011,19:23:43,N,0.00,0.00,65280,Y,Y,
8R1,1.76650,1.75040,1.75280,1.77020,1.79830,1.82900,1.85500,1.87880,1.90450,1.93400,1.96790,2.00150,2.03090,2.06300,2.11160,2.18540,2.29300,2.40900,2.47120,2.47720,2.45240,2.40850,2.35410,2.29480,2.23630,2.18350,2.13890,2.10410,2.08060,2.06990,2.07230,2.08630,2.10930,2.14080,2.19730,2.31300,2.50750,2.71490,3.30000,73.70000,94.37700,0.00000,15/12/2011,19:34:04,N,0.00,0.00,65280,Y,Y,
26R2,1.77930,1.79200,1.81530,1.84620,1.88250,1.91880,1.94940,1.97820,2.01070,2.05080,2.10080,2.15440,2.21120,2.27720,2.33930,2.38080,2.44330,2.53510,2.58970,2.59490,2.57660,2.54780,2.51560,2.48090,2.44580,2.41180,2.37580,2.34150,2.31560,2.30150,2.29860,2.30690,2.32650,2.35830,2.41750,2.53960,2.74800,2.98370,38.90000,45.40000,60.13400,0.00000,20/01/2012,18:06:47,N,0.00,0.00,65280,N,N,
26R2,1.77930,1.79200,1.81530,1.84620,1.88250,1.91880,1.94940,1.97820,2.01070,2.05080,2.10080,2.15440,2.21120,2.27720,2.33930,2.38080,2.44330,2.53510,2.58970,2.59490,2.57660,2.54780,2.51560,2.48090,2.44580,2.41180,2.37580,2.34150,2.31560,2.30150,2.29860,2.30690,2.32650,2.35830,2.41750,2.53960,2.74800,2.98370,38.90000,45.40000,60.13400,0.00000,20/01/2012,18:06:47,N,0.00,0.00,65280,N,N,
28R1,1.77990,1.79760,1.82070,1.84820,1.88020,1.91140,1.93720,1.96200,1.99130,2.03010,2.08120,2.13740,2.19870,2.27200,2.33580,2.36200,2.40680,2.49120,2.54740,2.55810,2.54600,2.52270,2.49460,2.46110,2.42480,2.38710,2.34370,2.29980,2.26550,2.24570,2.24010,2.24800,2.27010,2.30730,2.37470,2.51000,2.73630,2.98840,45.00000,43.40000,57.71400,0.00000,20/01/2012,18:22:26,N,0.00,0.00,65280,N,N,
28R1,1.77990,1.79760,1.82070,1.84820,1.88020,1.91140,1.93720,1.96200,1.99130,2.03010,2.08120,2.13740,2.19870,2.27200,2.33580,2.36200,2.40680,2.49120,2.54740,2.55810,2.54600,2.52270,2.49460,2.46110,2.42480,2.38710,2.34370,2.29980,2.26550,2.24570,2.24010,2.24800,2.27010,2.30730,2.37470,2.51000,2.73630,2.98840,45.00000,43.40000,57.71400,0.00000,20/01/2012,18:22:26,N,0.00,0.00,65280,N,N,
7R2,1.78240,1.78860,1.80800,1.83690,1.87280,1.91070,1.94410,1.97530,2.00730,2.04200,2.07980,2.11680,2.14930,2.18420,2.23550,2.31200,2.42250,2.54280,2.60930,2.61820,2.59590,2.55500,2.50410,2.44880,2.39440,2.34510,2.30320,2.27000,2.24670,2.23440,2.23340,2.24250,2.25960,2.28490,2.33420,2.44300,2.63380,2.84240,3.40000,73.70000,94.37700,0.00000,15/12/2011,20:43:09,N,0.00,0.00,65280,Y,Y,
5R1,1.78930,1.80630,1.83380,1.86880,1.90880,1.94990,1.98670,2.02130,2.05620,2.09280,2.13180,2.16980,2.20360,2.23930,2.28970,2.36340,2.46890,2.58380,2.64940,2.66190,2.64480,2.60920,2.56350,2.51270,2.46190,2.41560,2.37580,2.34370,2.32060,2.30710,2.30360,2.30880,2.32070,2.33910,2.37930,2.47550,2.65050,2.84470,3.00000,73.60000,94.25600,0.00000,15/12/2011,19:26:19,N,0.00,0.00,65280,Y,Y,
28R2,1.79640,1.81380,1.83700,1.86520,1.89810,1.93060,1.95720,1.98260,2.01250,2.05210,2.10430,2.16150,2.22380,2.29800,2.36290,2.39020,2.43680,2.52310,2.58000,2.59040,2.57750,2.55330,2.52410,2.48970,2.45260,2.41420,2.37020,2.32580,2.29110,2.27120,2.26550,2.27350,2.29620,2.33400,2.40280,2.54000,2.76920,3.02370,45.40000,43.20000,57.47200,0.00000,20/01/2012,18:26:13,N,0.00,0.00,65280,N,N,
4R2,1.79640,1.81390,1.84210,1.87770,1.91800,1.95980,1.99730,2.03250,2.06820,2.10560,2.14540,2.18420,2.21890,2.25570,2.30760,2.38330,2.49150,2.60910,2.67570,2.68670,2.66750,2.63030,2.58360,2.53270,2.48230,2.43660,2.39770,2.36620,2.34360,2.33080,2.32750,2.33290,2.34530,2.36440,2.40550,2.50370,2.68260,2.88120,3.10000,73.60000,94.25600,0.00000,15/12/2011,20:36:57,N,0.00,0.00,65280,Y,Y,
28R2,1.79640,1.81380,1.83700,1.86520,1.89810,1.93060,1.95720,1.98260,2.01250,2.05210,2.10430,2.16150,2.22380,2.29800,2.36290,2.39020,2.43680,2.52310,2.58000,2.59040,2.57750,2.55330,2.52410,2.48970,2.45260,2.41420,2.37020,2.32580,2.29110,2.27120,2.26550,2.27350,2.29620,2.33400,2.40280,2.54000,2.76920,3.02370,45.40000,43.20000,57.47200,0.00000,20/01/2012,18:26:13,N,0.00,0.00,65280,N,N,
29R2,1.80080,1.81950,1.84350,1.87240,1.90580,1.93870,1.96540,1.99040,2.02010,2.05950,2.11180,2.17020,2.23530,2.31350,2.38010,2.40460,2.44720,2.53090,2.58640,2.59600,2.58280,2.55900,2.53110,2.49820,2.46250,2.42500,2.38120,2.33630,2.30090,2.28020,2.27360,2.28080,2.30210,2.33840,2.40520,2.54130,2.77070,3.02770,47.70000,39.30000,52.75300,0.00000,20/01/2012,18:33:46,N,0.00,0.00,65280,Y,Y,
29R2,1.80080,1.81950,1.84350,1.87240,1.90580,1.93870,1.96540,1.99040,2.02010,2.05950,2.11180,2.17020,2.23530,2.31350,2.38010,2.40460,2.44720,2.53090,2.58640,2.59600,2.58280,2.55900,2.53110,2.49820,2.46250,2.42500,2.38120,2.33630,2.30090,2.28020,2.27360,2.28080,2.30210,2.33840,2.40520,2.54130,2.77070,3.02770,47.70000,39.30000,52.75300,0.00000,20/01/2012,18:33:46,N,0.00,0.00,65280,Y,Y,
2R2,1.80240,1.82870,1.86310,1.90330,1.94770,1.99300,2.03370,2.07160,2.10930,2.14870,2.19050,2.23060,2.26560,2.30240,2.35450,2.43060,2.53930,2.65720,2.72410,2.73620,2.71870,2.68330,2.63840,2.58920,2.54050,2.49620,2.45820,2.42730,2.40460,2.39110,2.38670,2.39100,2.40180,2.42030,2.46160,2.56020,2.73840,2.93590,2.80000,73.60000,94.25600,0.00000,15/12/2011,20:32:43,N,0.00,0.00,65280,Y,Y,
2R1,1.80370,1.82520,1.85590,1.89290,1.93480,1.97770,2.01660,2.05300,2.08950,2.12790,2.16870,2.20790,2.24190,2.27720,2.32760,2.40160,2.50790,2.62400,2.69150,2.70640,2.69180,2.65830,2.61380,2.56350,2.51290,2.46640,2.42620,2.39350,2.36960,2.35560,2.35120,2.35600,2.36750,2.38650,2.42790,2.52610,2.70280,2.89810,2.80000,73.60000,94.25600,0.00000,15/12/2011,19:14:45,N,0.00,0.00,65280,Y,Y,
3R2,1.80710,1.83010,1.86240,1.90130,1.94460,1.98920,2.02940,2.06670,2.10400,2.14300,2.18460,2.22470,2.25990,2.29720,2.34990,2.42680,2.53650,2.65570,2.72330,2.73520,2.71680,2.68040,2.63440,2.58390,2.53410,2.48890,2.45010,2.41870,2.39590,2.38240,2.37860,2.38350,2.39510,2.41440,2.45620,2.55640,2.73620,2.93610,3.40000,72.80000,93.28800,0.00000,15/12/2011,20:34:58,N,0.00,0.00,65280,Y,Y,
10R1,1.80890,1.82270,1.84600,1.87650,1.91260,1.95010,1.98340,2.01440,2.04600,2.07960,2.11590,2.15130,2.18260,2.21620,2.26630,2.34210,2.45230,2.57300,2.64110,2.65220,2.63200,2.59280,2.54300,2.48810,2.43340,2.38360,2.34090,2.30660,2.28210,2.26860,2.26610,2.27360,2.28860,2.31150,2.35750,2.46290,2.65090,2.85650,3.00000,74.30000,95.10300,0.00000,15/12/2011,19:36:13,N,0.00,0.00,65280,Y,Y,
30R2,1.80990,1.82950,1.85510,1.88560,1.92010,1.95410,1.98220,2.00930,2.04080,2.08190,2.13540,2.19400,2.25750,2.33310,2.39910,2.42700,2.47350,2.56010,2.61750,2.62870,2.61650,2.59300,2.56470,2.53090,2.49430,2.45630,2.41260,2.36840,2.33370,2.31350,2.30740,2.31480,2.33640,2.37280,2.43990,2.57570,2.80360,3.05900,46.60000,42.40000,56.50400,0.00000,20/01/2012,18:41:02,N,0.00,0.00,65280,N,N,
30R2,1.80990,1.82950,1.85510,1.88560,1.92010,1.95410,1.98220,2.00930,2.04080,2.08190,2.13540,2.19400,2.25750,2.33310,2.39910,2.42700,2.47350,2.56010,2.61750,2.62870,2.61650,2.59300,2.56470,2.53090,2.49430,2.45630,2.41260,2.36840,2.33370,2.31350,2.30740,2.31480,2.33640,2.37280,2.43990,2.57570,2.80360,3.05900,46.60000,42.40000,56.50400,0.00000,20/01/2012,18:41:02,N,0.00,0.00,65280,N,N,
9R1,1.81250,1.79290,1.79440,1.81170,1.83950,1.87080,1.89750,1.92240,1.94960,1.98070,2.01640,2.05200,2.08370,2.11810,2.16940,2.24710,2.35970,2.48220,2.54800,2.55240,2.52400,2.47630,2.41850,2.35620,2.29520,2.24040,2.19420,2.15800,2.13370,2.12270,2.12450,2.13840,2.16140,2.19350,2.24990,2.36750,2.56810,2.78220,3.00000,73.70000,94.37700,0.00000,15/12/2011,19:07:10,N,0.00,0.00,65280,Y,Y,
10R2,1.81300,1.82630,1.85070,1.88230,1.91920,1.95760,1.99180,2.02420,2.05730,2.09250,2.13050,2.16740,2.19960,2.23390,2.28480,2.36160,2.47260,2.59440,2.66250,2.67190,2.64970,2.60900,2.55840,2.50350,2.44930,2.40030,2.35840,2.32480,2.30110,2.28800,2.28550,2.29290,2.30810,2.33160,2.37870,2.48510,2.67430,2.88350,3.00000,74.30000,95.10300,0.00000,15/12/2011,20:47:47,N,0.00,0.00,65280,Y,Y,
32R2,1.81610,1.83520,1.85980,1.88960,1.92420,1.95810,1.98590,2.01200,2.04270,2.08330,2.13690,2.19600,2.26090,2.33820,2.40360,2.42720,2.46920,2.55160,2.60600,2.61590,2.60370,2.58150,2.55540,2.52430,2.49050,2.45500,2.41290,2.36980,2.33570,2.31590,2.30970,2.31690,2.33820,2.37450,2.44170,2.57720,2.80440,3.05880,44.40000,43.10000,57.35100,0.00000,20/01/2012,18:54:29,N,0.00,0.00,65280,N,N,
32R2,1.81610,1.83520,1.85980,1.88960,1.92420,1.95810,1.98590,2.01200,2.04270,2.08330,2.13690,2.19600,2.26090,2.33820,2.40360,2.42720,2.46920,2.55160,2.60600,2.61590,2.60370,2.58150,2.55540,2.52430,2.49050,2.45500,2.41290,2.36980,2.33570,2.31590,2.30970,2.31690,2.33820,2.37450,2.44170,2.57720,2.80440,3.05880,44.40000,43.10000,57.35100,0.00000,20/01/2012,18:54:29,N,0.00,0.00,65280,N,N,
5R2,1.83820,1.85500,1.88320,1.91940,1.96110,2.00440,2.04330,2.07950,2.11600,2.15470,2.19620,2.23650,2.27200,2.30960,2.36320,2.44190,2.55460,2.67710,2.74620,2.75720,2.73670,2.69760,2.64850,2.59490,2.54210,2.49410,2.45310,2.42010,2.39630,2.38290,2.37960,2.38590,2.39950,2.42090,2.46610,2.57130,2.75960,2.96640,3.00000,73.60000,94.25600,0.00000,15/12/2011,20:39:05,N,0.00,0.00,65280,Y,Y,
8R2,1.84490,1.85780,1.88330,1.91710,1.95620,1.99660,2.03290,2.06730,2.10230,2.13940,2.17910,2.21800,2.25300,2.29040,2.34390,2.42310,2.53680,2.66200,2.73270,2.74260,2.71990,2.67810,2.62620,2.57000,2.51440,2.46390,2.42080,2.38630,2.36180,2.34840,2.34540,2.35270,2.36770,2.39010,2.43550,2.54170,2.73320,2.94710,3.30000,73.60000,94.25600,0.00000,15/12/2011,20:45:06,N,0.00,0.00,65280,Y,Y,
30R1,1.85000,1.87000,1.89570,1.92680,1.96310,1.99860,2.02780,2.05520,2.08710,2.12890,2.18360,2.24390,2.31010,2.38920,2.45820,2.48720,2.53590,2.62580,2.68490,2.69560,2.68210,2.65700,2.62710,2.59190,2.55380,2.51430,2.46890,2.42300,2.38680,2.36590,2.35950,2.36700,2.38910,2.42650,2.49580,2.63610,2.87210,3.13430,44.10000,43.50000,57.83500,0.00000,20/01/2012,18:37:28,N,0.00,0.00,65280,N,N,
30R1,1.85000,1.87000,1.89570,1.92680,1.96310,1.99860,2.02780,2.05520,2.08710,2.12890,2.18360,2.24390,2.31010,2.38920,2.45820,2.48720,2.53590,2.62580,2.68490,2.69560,2.68210,2.65700,2.62710,2.59190,2.55380,2.51430,2.46890,2.42300,2.38680,2.36590,2.35950,2.36700,2.38910,2.42650,2.49580,2.63610,2.87210,3.13430,44.10000,43.50000,57.83500,0.00000,20/01/2012,18:37:28,N,0.00,0.00,65280,N,N,
6R1,1.86460,1.89780,1.93620,1.97840,2.02330,2.06860,2.10980,2.14860,2.18680,2.22630,2.26780,2.30720,2.34120,2.37650,2.42640,2.49970,2.60470,2.71970,2.78710,2.80230,2.78810,2.75560,2.71230,2.66360,2.61450,2.56910,2.52920,2.49620,2.47110,2.45480,2.44740,2.44820,2.45550,2.47010,2.50680,2.60020,2.77290,2.96630,3.40000,73.10000,93.65100,0.00000,15/12/2011,19:28:46,N,0.00,0.00,65280,Y,Y,
1R1,1.86680,1.88020,1.90460,1.93670,1.97460,2.01410,2.04960,2.08260,2.11590,2.15140,2.18950,2.22670,2.25960,2.29460,2.34550,2.42150,2.53160,2.65210,2.72050,2.73220,2.71250,2.67330,2.62310,2.56740,2.51170,2.46060,2.41670,2.38110,2.35530,2.34050,2.33660,2.34280,2.35610,2.37720,2.42110,2.52500,2.71140,2.91610,3.00000,73.40000,94.01400,0.00000,15/12/2011,19:09:19,N,0.00,0.00,65280,Y,Y,
31R1,1.87260,1.88880,1.91110,1.93910,1.97320,2.00700,2.03400,2.05880,2.08820,2.12790,2.18100,2.24030,2.30630,2.38570,2.45450,2.48360,2.53460,2.62710,2.68640,2.69530,2.67910,2.65130,2.61880,2.58120,2.54090,2.49930,2.45190,2.40430,2.36710,2.34580,2.33990,2.34910,2.37340,2.41350,2.48640,2.63240,2.87590,3.14110,44.70000,43.10000,57.35100,0.00000,20/01/2012,18:47:23,N,0.00,0.00,65280,N,N,
31R1,1.87260,1.88880,1.91110,1.93910,1.97320,2.00700,2.03400,2.05880,2.08820,2.12790,2.18100,2.24030,2.30630,2.38570,2.45450,2.48360,2.53460,2.62710,2.68640,2.69530,2.67910,2.65130,2.61880,2.58120,2.54090,2.49930,2.45190,2.40430,2.36710,2.34580,2.33990,2.34910,2.37340,2.41350,2.48640,2.63240,2.87590,3.14110,44.70000,43.10000,57.35100,0.00000,20/01/2012,18:47:23,N,0.00,0.00,65280,N,N,
26R1,1.87650,1.89160,1.91760,1.95100,1.98970,2.02810,2.06100,2.09260,2.12790,2.17120,2.22490,2.28270,2.34370,2.41450,2.48080,2.52330,2.58690,2.68350,2.74370,2.75270,2.73610,2.70720,2.67340,2.63560,2.59660,2.55820,2.51750,2.47840,2.44860,2.43180,2.42760,2.43520,2.45510,2.48780,2.54900,2.67680,2.89700,3.14550,38.90000,45.40000,60.13400,0.00000,20/01/2012,18:01:21,N,0.00,0.00,65280,N,N,
26R1,1.87650,1.89160,1.91760,1.95100,1.98970,2.02810,2.06100,2.09260,2.12790,2.17120,2.22490,2.28270,2.34370,2.41450,2.48080,2.52330,2.58690,2.68350,2.74370,2.75270,2.73610,2.70720,2.67340,2.63560,2.59660,2.55820,2.51750,2.47840,2.44860,2.43180,2.42760,2.43520,2.45510,2.48780,2.54900,2.67680,2.89700,3.14550,38.90000,45.40000,60.13400,0.00000,20/01/2012,18:01:21,N,0.00,0.00,65280,N,N,
32R1,1.89350,1.91330,1.93960,1.97210,2.01000,2.04700,2.07730,2.10560,2.13900,2.18300,2.24090,2.30480,2.37490,2.45840,2.52870,2.55330,2.59720,2.68450,2.74230,2.75260,2.73960,2.71590,2.68810,2.65500,2.61910,2.58110,2.53600,2.48980,2.45310,2.43160,2.42460,2.43170,2.45370,2.49170,2.56230,2.70510,2.94410,3.21010,47.10000,41.50000,55.41500,0.00000,20/01/2012,18:51:47,N,0.00,0.00,65280,N,N,
32R1,1.89350,1.91330,1.93960,1.97210,2.01000,2.04700,2.07730,2.10560,2.13900,2.18300,2.24090,2.30480,2.37490,2.45840,2.52870,2.55330,2.59720,2.68450,2.74230,2.75260,2.73960,2.71590,2.68810,2.65500,2.61910,2.58110,2.53600,2.48980,2.45310,2.43160,2.42460,2.43170,2.45370,2.49170,2.56230,2.70510,2.94410,3.21010,47.10000,41.50000,55.41500,0.00000,20/01/2012,18:51:47,N,0.00,0.00,65280,N,N,
6R2,1.89710,1.92670,1.96430,2.00740,2.05440,2.10230,2.14570,2.18600,2.22590,2.26730,2.31100,2.35280,2.38950,2.42770,2.48060,2.55650,2.66400,2.78060,2.84740,2.86010,2.84320,2.80860,2.76430,2.71560,2.66730,2.62310,2.58480,2.55310,2.52920,2.51390,2.50710,2.50830,2.51600,2.53090,2.56830,2.66300,2.83730,3.03280,3.40000,71.10000,91.23100,0.00000,15/12/2011,20:41:13,N,0.00,0.00,65280,Y,Y,
9R2,1.91240,1.91500,1.93320,1.96250,1.99900,2.03780,2.07230,2.10440,2.13750,2.17340,2.21260,2.25140,2.28630,2.32400,2.37900,2.46110,2.57970,2.70960,2.78120,2.78900,2.76270,2.71630,2.65950,2.59840,2.53830,2.48420,2.43830,2.40180,2.37610,2.36240,2.36050,2.36960,2.38680,2.41230,2.46240,2.57600,2.77800,2.99990,3.00000,73.70000,94.37700,0.00000,15/12/2011,20:27:54,N,0.00,0.00,65280,Y,Y,
23R2,1.91590,1.93090,1.95760,1.99190,2.03170,2.07180,2.10650,2.13980,2.17620,2.21940,2.27170,2.32680,2.38310,2.44800,2.51530,2.57070,2.65030,2.76050,2.82860,2.83970,2.82110,2.78650,2.74430,2.69700,2.64830,2.60170,2.55510,2.51220,2.47990,2.46190,2.45730,2.46560,2.48580,2.51840,2.57980,2.71020,2.93570,3.18700,30.60000,53.50000,69.93500,0.00000,15/12/2011,21:28:19,N,0.00,0.00,65280,Y,Y,
24R2,1.91660,1.91460,1.92990,1.95680,1.99130,2.02770,2.05890,2.08890,2.12200,2.16160,2.20950,2.26020,2.31150,2.37050,2.43510,2.49600,2.58340,2.69710,2.76410,2.77150,2.74790,2.70750,2.65900,2.60590,2.55240,2.50240,2.45480,2.41280,2.38210,2.36610,2.36430,2.37530,2.39790,2.43180,2.49350,2.62380,2.84800,3.09630,30.60000,53.50000,69.93500,0.00000,15/12/2011,21:30:10,N,0.00,0.00,65280,Y,Y,
1R2,1.92450,1.91930,1.93290,1.95950,1.99510,2.03340,2.06720,2.09870,2.13160,2.16770,2.20780,2.24740,2.28250,2.32020,2.37510,2.45700,2.57480,2.70310,2.77300,2.77970,2.75240,2.70490,2.64690,2.58440,2.52300,2.46780,2.42110,2.38400,2.35800,2.34470,2.34380,2.35420,2.37330,2.40140,2.45510,2.57270,2.77730,2.99930,3.00000,73.40000,94.01400,0.00000,15/12/2011,20:30:17,N,0.00,0.00,65280,Y,Y,
22R2,1.93020,1.92990,1.94600,1.97380,2.01000,2.04780,2.08000,2.11010,2.14350,2.18350,2.23200,2.28260,2.33300,2.39040,2.45370,2.51450,2.60300,2.71660,2.78200,2.78820,2.76380,2.72320,2.67520,2.62300,2.57100,2.52250,2.47640,2.43570,2.40600,2.39050,2.38840,2.39930,2.42170,2.45600,2.51910,2.65030,2.87380,3.12000,25.20000,57.00000,74.17000,0.00000,15/12/2011,21:24:17,N,0.00,0.00,65280,Y,Y,
24R1,1.93790,1.93350,1.94710,1.97270,2.00680,2.04310,2.07410,2.10390,2.13710,2.17750,2.22660,2.27840,2.33040,2.39010,2.45580,2.51790,2.60780,2.72490,2.79360,2.80100,2.77640,2.73450,2.68430,2.62900,2.57360,2.52150,2.47200,2.42840,2.39690,2.38080,2.37940,2.39220,2.41700,2.45440,2.52130,2.65860,2.89170,3.14630,8.90000,56.60000,73.68600,0.00000,15/12/2011,21:32:05,N,0.00,0.00,65280,Y,Y,
23R1,1.94170,1.95360,1.97890,2.01280,2.05240,2.09250,2.12740,2.16120,2.19850,2.24270,2.29600,2.35240,2.40950,2.47530,2.54410,2.60060,2.68100,2.79270,2.86220,2.87400,2.85540,2.82050,2.77760,2.72930,2.67970,2.63220,2.58490,2.54140,2.50890,2.49100,2.48700,2.49580,2.51690,2.55080,2.61350,2.74610,2.97430,3.22810,30.60000,53.50000,69.93500,0.00000,15/12/2011,21:26:15,N,0.00,0.00,65280,Y,Y,
15R1,1.94530,1.95310,1.97540,2.00770,2.04680,2.08780,2.12420,2.15810,2.19300,2.23100,2.27310,2.31490,2.35310,2.39450,2.44960,2.52420,2.63170,2.75240,2.82080,2.83110,2.80920,2.76750,2.71470,2.65630,2.59760,2.54350,2.49610,2.45670,2.42810,2.41160,2.40720,2.41370,2.42880,2.45250,2.50090,2.61280,2.81080,3.02970,9.00000,69.80000,89.65800,0.00000,15/12/2011,19:45:26,N,0.00,0.00,65280,Y,Y,
14R1,1.95130,1.94250,1.95460,1.98130,2.01730,2.05580,2.08960,2.12130,2.15470,2.19220,2.23450,2.27690,2.31560,2.35710,2.41190,2.48580,2.59140,2.70950,2.77320,2.77670,2.74830,2.70180,2.64650,2.58730,2.52940,2.47670,2.43090,2.39330,2.36630,2.35140,2.34880,2.35730,2.37510,2.40220,2.45460,2.56940,2.77030,2.98930,10.80000,69.10000,88.81100,0.00000,15/12/2011,19:05:14,N,0.00,0.00,65280,Y,Y,
21R1,1.95210,1.94870,1.96290,1.99000,2.02690,2.06600,2.09900,2.12950,2.16350,2.20490,2.25530,2.30820,2.36080,2.42110,2.48780,2.55220,2.64620,2.76610,2.83500,2.84170,2.81620,2.77360,2.72310,2.66800,2.61330,2.56230,2.51410,2.47190,2.44140,2.42590,2.42500,2.43800,2.46310,2.50080,2.56850,2.70730,2.94150,3.19380,23.50000,57.30000,74.53300,0.00000,15/12/2011,21:13:30,N,0.00,0.00,65280,Y,Y,
13R2,1.95310,1.96330,1.98620,2.01910,2.05930,2.10120,2.13790,2.17160,2.20580,2.24320,2.28450,2.32550,2.36300,2.40400,2.45970,2.53630,2.64690,2.77050,2.83940,2.84800,2.82390,2.78020,2.72570,2.66600,2.60620,2.55120,2.50290,2.46300,2.43360,2.41650,2.41200,2.41880,2.43450,2.45900,2.50930,2.62390,2.82790,3.05310,8.90000,70.00000,89.90000,0.00000,15/12/2011,20:54:05,N,0.00,0.00,65280,Y,Y,
13R1,1.95330,1.93950,1.94630,1.96880,2.00180,2.03750,2.06860,2.09760,2.12870,2.16410,2.20460,2.24500,2.28150,2.32090,2.37430,2.44780,2.55440,2.67350,2.73950,2.74760,2.72330,2.67860,2.62180,2.55860,2.49520,2.43670,2.38560,2.34390,2.31420,2.29860,2.29680,2.30740,2.32780,2.35760,2.41360,2.53350,2.73990,2.96310,8.90000,70.00000,89.90000,0.00000,15/12/2011,19:43:15,N,0.00,0.00,65280,Y,Y,
22R1,1.95690,1.95450,1.97020,1.99800,2.03430,2.07250,2.10540,2.13660,2.17110,2.21210,2.26150,2.31380,2.36660,2.42700,2.49280,2.55450,2.64320,2.75800,2.82530,2.83300,2.80940,2.76890,2.72040,2.66720,2.61380,2.56380,2.51620,2.47420,2.44350,2.42750,2.42550,2.43630,2.45870,2.49230,2.55430,2.68530,2.91130,3.16120,25.20000,57.00000,74.17000,0.00000,15/12/2011,21:17:22,N,0.00,0.00,65280,Y,Y,
15R2,1.96500,1.95280,1.96070,1.98330,2.01630,2.05230,2.08330,2.11190,2.14250,2.17760,2.21810,2.25870,2.29570,2.33680,2.39330,2.47140,2.58530,2.71290,2.78210,2.78720,2.75780,2.70770,2.64650,2.57990,2.51390,2.45370,2.40140,2.35900,2.32890,2.31350,2.31260,2.32490,2.34780,2.38080,2.44170,2.57000,2.78920,3.02430,9.00000,69.80000,89.65800,0.00000,15/12/2011,20:55:57,N,0.00,0.00,65280,Y,Y,
14R2,1.96560,1.96390,1.97950,2.00720,2.04360,2.08250,2.11650,2.14820,2.18140,2.21850,2.26030,2.30190,2.33960,2.38070,2.43650,2.51340,2.62480,2.75020,2.81930,2.82570,2.79850,2.75170,2.69450,2.63240,2.57110,2.51500,2.46600,2.42580,2.39670,2.38090,2.37800,2.38730,2.40650,2.43550,2.49140,2.61330,2.82490,3.05540,10.80000,69.10000,88.81100,0.00000,15/12/2011,20:24:34,N,0.00,0.00,65280,Y,Y,
21R2,1.97220,1.97140,1.98790,2.01650,2.05340,2.09220,2.12550,2.15710,2.19230,2.23440,2.28540,2.33890,2.39250,2.45400,2.52180,2.58690,2.68050,2.80210,2.87400,2.88230,2.85760,2.81490,2.76380,2.70780,2.65160,2.59910,2.54930,2.50560,2.47390,2.45760,2.45600,2.46800,2.49250,2.52930,2.59560,2.73320,2.96850,3.22460,23.50000,57.30000,74.53300,0.00000,15/12/2011,21:15:33,N,0.00,0.00,65280,Y,Y,
25R1,1.98450,1.99140,2.01280,2.04440,2.08340,2.12410,2.15910,2.19210,2.22820,2.27110,2.32250,2.37620,2.42940,2.49010,2.55790,2.62420,2.72020,2.84400,2.91800,2.92840,2.90550,2.86430,2.81410,2.75850,2.70250,2.64980,2.59980,2.55560,2.52320,2.50600,2.50350,2.51460,2.53840,2.57480,2.64160,2.78020,3.01710,3.27440,23.50000,57.70000,75.01700,0.00000,15/12/2011,21:34:24,N,0.00,0.00,65280,Y,Y,
25R2,2.00530,2.01970,2.04640,2.08140,2.12270,2.16530,2.20220,2.23720,2.27510,2.31930,2.37180,2.42670,2.48120,2.54350,2.61340,2.68230,2.78130,2.90980,2.98810,3.00040,2.97820,2.93670,2.88570,2.82900,2.77140,2.71710,2.66530,2.61940,2.58530,2.56680,2.56300,2.57330,2.59590,2.63130,2.69710,2.83620,3.07610,3.34020,23.50000,57.70000,75.01700,0.00000,15/12/2011,21:36:29,N,0.00,0.00,65280,Y,Y,
19R1,2.01520,1.98600,1.98190,1.99830,2.02920,2.06320,2.09070,2.11580,2.14450,2.18000,2.22320,2.26860,2.31240,2.36190,2.42430,2.50130,2.61280,2.74230,2.81310,2.81700,2.78540,2.73340,2.67080,2.60310,2.53620,2.47490,2.42090,2.37660,2.34590,2.33160,2.33360,2.35010,2.37860,2.41840,2.48750,2.62680,2.85810,3.10030,14.80000,65.60000,84.57600,0.00000,15/12/2011,18:59:07,N,0.00,0.00,65280,Y,Y,
12R2,2.01680,2.01850,2.03720,2.06740,2.10530,2.14540,2.18100,2.21460,2.24960,2.28820,2.33120,2.37390,2.41210,2.45370,2.51040,2.58900,2.70290,2.83210,2.90510,2.91430,2.88870,2.84170,2.78260,2.71750,2.65240,2.59250,2.53990,2.49660,2.46540,2.44790,2.44400,2.45260,2.47140,2.50040,2.55660,2.67950,2.89520,3.13220,8.90000,69.90000,89.77900,0.00000,15/12/2011,20:51:56,N,0.00,0.00,65280,Y,Y,
11R2,2.04170,2.04870,2.07110,2.10420,2.14500,2.18790,2.22570,2.26090,2.29740,2.33740,2.38180,2.42580,2.46550,2.50850,2.56720,2.64790,2.76500,2.89740,2.97210,2.98130,2.95510,2.90740,2.84780,2.78220,2.71680,2.65660,2.60370,2.56010,2.52810,2.50970,2.50490,2.51270,2.53040,2.55840,2.61430,2.73840,2.95720,3.19710,9.20000,70.50000,90.50500,0.00000,15/12/2011,20:49:55,N,0.00,0.00,65280,Y,Y,
19R2,2.05180,2.04910,2.06420,2.09290,2.13070,2.17060,2.20510,2.23750,2.27220,2.31200,2.35810,2.40490,2.44860,2.49710,2.55830,2.63430,2.74440,2.87390,2.94790,2.95720,2.93170,2.88600,2.82950,2.76760,2.70590,2.64900,2.59810,2.55570,2.52530,2.50900,2.50660,2.51730,2.53900,2.57150,2.63270,2.76300,2.98810,3.23360,14.80000,65.60000,84.57600,0.00000,15/12/2011,20:22:08,N,0.00,0.00,65280,Y,Y,
11R1,2.06430,2.07470,2.09980,2.13590,2.18000,2.22570,2.26630,2.30370,2.34200,2.38370,2.42990,2.47530,2.51600,2.55950,2.61750,2.69630,2.81030,2.93850,3.01240,3.02610,3.00550,2.96280,2.90680,2.84340,2.77900,2.71920,2.66590,2.62160,2.58850,2.56880,2.56250,2.56820,2.58310,2.60770,2.65960,2.77900,2.98990,3.22160,9.20000,70.50000,90.50500,0.00000,15/12/2011,19:38:49,N,0.00,0.00,65280,Y,Y,
18R1,2.07510,2.09410,2.12470,2.16390,2.20850,2.25430,2.29530,2.33440,2.37470,2.41860,2.46740,2.51650,2.56280,2.61340,2.67650,2.75510,2.86730,3.00010,3.08050,3.09720,3.07870,3.03880,2.98670,2.92770,2.86750,2.81110,2.76020,2.71690,2.68500,2.66640,2.66060,2.66670,2.68210,2.70730,2.75850,2.87800,3.09450,3.33860,12.30000,65.80000,84.81800,0.00000,15/12/2011,19:52:57,N,0.00,0.00,65280,Y,Y,
20R1,2.11170,2.13750,2.17450,2.21950,2.27070,2.32280,2.36960,2.41350,2.45820,2.50670,2.56030,2.61390,2.66420,2.71830,2.78340,2.86130,2.97140,3.10060,3.17900,3.19740,3.18230,3.14690,3.09970,3.04590,2.99080,2.93910,2.89180,2.85120,2.82020,2.80130,2.79410,2.79740,2.80940,2.83070,2.87880,2.99540,3.20600,3.44190,14.60000,65.50000,84.45500,0.00000,15/12/2011,19:55:19,N,0.00,0.00,65280,Y,Y,
20R2,2.11490,2.14220,2.18040,2.22600,2.27630,2.32730,2.37320,2.41690,2.46150,2.50970,2.56280,2.61600,2.66590,2.72020,2.78650,2.86730,2.98160,3.11630,3.19710,3.21310,3.19410,3.15450,3.10420,3.04790,2.99120,2.93850,2.89060,2.84980,2.81910,2.80060,2.79380,2.79820,2.81160,2.83490,2.88570,3.00590,3.22350,3.46920,14.60000,65.50000,84.45500,0.00000,15/12/2011,21:00:26,N,0.00,0.00,65280,Y,Y,
18R2,2.13440,2.13910,2.16040,2.19390,2.23570,2.27950,2.31810,2.35460,2.39320,2.43670,2.48630,2.53660,2.58400,2.63640,2.70260,2.78540,2.90460,3.04580,3.12880,3.14140,3.11630,3.06890,3.00950,2.94370,2.87760,2.81630,2.76150,2.71540,2.68210,2.66390,2.66050,2.67080,2.69220,2.72500,2.78760,2.92290,3.16010,3.42180,12.30000,65.80000,84.81800,0.00000,15/12/2011,21:10:51,N,0.00,0.00,65280,Y,Y,
16R1,2.16100,2.18780,2.22420,2.26820,2.31790,2.36890,2.41410,2.45630,2.49960,2.54720,2.60030,2.65350,2.70330,2.75780,2.82410,2.90330,3.01720,3.15230,3.23380,3.25090,3.23270,3.19330,3.14180,3.08350,3.02430,2.96860,2.91740,2.87340,2.83990,2.81950,2.81210,2.81680,2.83120,2.85630,2.91030,3.03630,3.26080,3.50890,13.70000,66.00000,85.06000,0.00000,15/12/2011,19:48:02,N,0.00,0.00,65280,Y,Y,
17R2,2.17210,2.18190,2.20700,2.24320,2.28740,2.33360,2.37430,2.41240,2.45240,2.49700,2.54810,2.60040,2.65090,2.70700,2.77530,2.85650,2.97300,3.11230,3.19430,3.20700,3.18220,3.13580,3.07790,3.01390,2.94930,2.88920,2.83460,2.78800,2.75340,2.73360,2.72800,2.73590,2.75430,2.78360,2.84220,2.97520,3.21110,3.47420,18.00000,64.20000,82.88200,0.00000,15/12/2011,21:02:38,N,0.00,0.00,65280,Y,Y,
16R2,2.20050,2.22060,2.25390,2.29700,2.34730,2.39910,2.44520,2.48820,2.53270,2.58170,2.63650,2.69180,2.74390,2.80090,2.87070,2.95560,3.07650,3.21950,3.30480,3.32060,3.29870,3.25470,3.19880,3.13650,3.07360,3.01500,2.96200,2.91680,2.88320,2.86340,2.85730,2.86380,2.88080,2.90870,2.96690,3.09920,3.33450,3.59470,13.70000,66.00000,85.06000,0.00000,15/12/2011,20:58:21,N,0.00,0.00,65280,Y,Y,
17R1,2.22120,2.25240,2.29460,2.34430,2.39870,2.45390,2.50370,2.55090,2.59900,2.65070,2.70790,2.76520,2.81930,2.87790,2.94710,3.02750,3.14070,3.27640,3.36030,3.38030,3.36480,3.32730,3.27740,3.22010,3.16110,3.10540,3.05380,3.00890,2.97440,2.95260,2.94320,2.94490,2.95570,2.97630,3.02490,3.14520,3.36500,3.61390,18.00000,64.20000,82.88200,0.00000,15/12/2011,19:50:33,N,0.00,0.00,65280,Y,Y,
12R1,1001.90002,1.86490,1.88730,1.91960,1.95910,2.00000,2.03640,2.06990,2.10430,2.14180,2.18320,2.22400,2.26050,2.29960,2.35180,2.42270,2.52520,2.64050,2.70690,2.71910,2.70040,2.66180,2.61130,2.55420,2.49620,2.44240,2.39460,2.35470,2.32500,2.30740,2.30180,2.30710,2.32060,2.34290,2.38970,2.49730,2.68710,2.89550,8.90000,69.90000,89.77900,0.00000,15/12/2011,19:39:48,N,0.00,0.00,65280,Y,Y,
50,2.30500,2.31850,2.33610,2.36810,2.41220,2.45830,2.49060,2.51540,2.54780,2.59750,2.66900,2.75100,2.84300,2.95210,3.04450,3.07730,3.14600,3.27540,3.36020,3.37440,3.35220,3.31260,3.26640,3.21070,3.14950,3.08530,3.01130,2.93620,2.87570,2.84080,2.83000,2.84310,2.88030,2.93990,3.04080,3.23280,3.54620,3.86800,47.50000,41.25000,52.50000,50.00000,4/11/2012,2:37:15,12:27:42 ,0.00,0.00,65280,N,N,
50YG,2.17190,2.18740,2.20440,2.23440,2.27660,2.32190,2.35500,2.37990,2.40860,2.44800,2.50010,2.55680,2.61770,2.69150,2.76900,2.83350,2.93870,3.08250,3.16880,3.18200,3.15610,3.10810,3.04850,2.97980,2.90830,2.83840,2.76830,2.70340,2.65290,2.62410,2.61680,2.63020,2.66210,2.71190,2.79840,2.96870,3.25560,3.56780,31.10000,54.30000,70.10000,50.00000,4/05/2012,12:15:47,12:27:42 ,0.00,0.00,65280,Y,Y,
75BELT,2.26850,2.26970,2.28070,2.31000,2.35370,2.40200,2.43800,2.46600,2.49910,2.54490,2.60580,2.67240,2.74330,2.82690,2.91160,2.97840,3.08680,3.23720,3.32900,3.34400,3.31800,3.26910,3.20840,3.13860,3.06600,2.99530,2.92440,2.85900,2.80910,2.78240,2.77830,2.79540,2.83160,2.88610,2.97760,3.15550,3.45140,3.76420,32.00000,52.75000,68.50000,0.00000,4/05/2012,2:46:58,12:27:42 ,0.00,0.00,65280,N,N,
65LAMBV,2.07990,2.07040,2.07020,2.08940,2.12240,2.15940,2.18510,2.20350,2.22700,2.26220,2.31090,2.36470,2.42280,2.49320,2.56550,2.62020,2.71080,2.83710,2.91100,2.92000,2.89450,2.85060,2.79780,2.73810,2.67700,2.61820,2.55920,2.50490,2.46410,2.44370,2.44300,2.46070,2.49560,2.54660,2.63080,2.79140,3.05910,3.35200,33.80000,52.30000,68.00000,50.00000,4/05/2012,12:40:18,12:27:42 i;U9q,0.00,0.00,65280,Y,Y,
75BRISK,2.25040,2.26110,2.27520,2.30480,2.34770,2.39400,2.42650,2.45060,2.48020,2.52390,2.58460,2.65240,2.72790,2.82000,2.90870,2.96860,3.07140,3.22300,3.31480,3.32660,3.29710,3.24610,3.18460,3.11430,3.04100,2.96850,2.89350,2.82300,2.76840,2.73860,2.73300,2.75060,2.78990,2.84940,2.94920,3.13890,3.45120,3.77320,36.80000,50.30000,65.40000,0.00000,4/05/2012,10:14:27,12:27:42 ,0.00,0.00,65280,N,N,
50LAMBV,2.02680,2.03150,2.03850,2.06070,2.09460,2.13020,2.15300,2.16910,2.19170,2.22960,2.28600,2.35130,2.42710,2.52050,2.60110,2.62860,2.68740,2.79760,2.86800,2.87940,2.86030,2.82660,2.78670,2.73940,2.68840,2.63580,2.57530,2.51420,2.46620,2.44050,2.43560,2.45080,2.48620,2.54080,2.63130,2.80150,3.08090,3.38480,43.80000,43.75000,57.40000,50.00000,4/05/2012,12:43:34,12:27:42 ,0.00,0.00,65280,N,N,
50MIX,2.26730,2.28190,2.30130,2.33550,2.38070,2.42660,2.45880,2.48430,2.51760,2.56840,2.64140,2.72550,2.82260,2.93930,3.03010,3.04140,3.08350,3.18970,3.26130,3.27310,3.25450,3.22230,3.18490,3.13870,3.08670,3.02990,2.95960,2.88570,2.82480,2.78790,2.77380,2.78170,2.81280,2.86630,2.96060,3.14360,3.44840,3.77780,49.70000,38.50000,48.80000,50.00000,4/05/2012,10:50:13,12:27:42 ,0.00,0.00,65280,N,N,
